file_name,possible_path
bad_weld_vid259_jpeg.rf.56cf1ebd1473a681c58e09402523eeb2.jpg,Separated_Dataset\train\Bad_Weld\bad_weld_vid259_jpeg.rf.56cf1ebd1473a681c58e09402523eeb2.jpg
bad_weld_vid259_jpeg.rf.840d0d941186a08dac1064fdde8b3e03.jpg,Separated_Dataset\train\Bad_Weld\bad_weld_vid259_jpeg.rf.840d0d941186a08dac1064fdde8b3e03.jpg
bad_weld_vid259_jpeg.rf.c99bb04fde2797ecf34f281ab22d613d.jpg,Separated_Dataset\train\Bad_Weld\bad_weld_vid259_jpeg.rf.c99bb04fde2797ecf34f281ab22d613d.jpg
bad_weld_vid261_jpeg.rf.b9951a6313f9d74590febebc543aee67.jpg,Separated_Dataset\train\Bad_Weld\bad_weld_vid261_jpeg.rf.b9951a6313f9d74590febebc543aee67.jpg
bad_weld_vid261_jpeg.rf.f69785d683fdb3c0c2d346d1a0f7b6c3.jpg,Separated_Dataset\train\Bad_Weld\bad_weld_vid261_jpeg.rf.f69785d683fdb3c0c2d346d1a0f7b6c3.jpg
bad_weld_vid261_jpeg_jpg.rf.5ae3866fd5de7b144659fa7f7b92c5ba.jpg,Separated_Dataset\train\Bad_Weld\bad_weld_vid261_jpeg_jpg.rf.5ae3866fd5de7b144659fa7f7b92c5ba.jpg
bad_weld_vid262_jpeg.rf.0d385a2604c53bbbb7fffa4630ef9d26.jpg,Separated_Dataset\train\Bad_Weld\bad_weld_vid262_jpeg.rf.0d385a2604c53bbbb7fffa4630ef9d26.jpg
bad_weld_vid262_jpeg.rf.c2a0f57ab5803bf5f16365795e819b90.jpg,Separated_Dataset\train\Bad_Weld\bad_weld_vid262_jpeg.rf.c2a0f57ab5803bf5f16365795e819b90.jpg
bad_weld_vid262_jpeg_jpg.rf.001ae0293b393de2ca2b69c1716f7580.jpg,Separated_Dataset\train\Bad_Weld\bad_weld_vid262_jpeg_jpg.rf.001ae0293b393de2ca2b69c1716f7580.jpg
bad_weld_vid277_jpeg.rf.12b326ba774e7c5a448a434a5020fde4.jpg,Separated_Dataset\train\Bad_Weld\bad_weld_vid277_jpeg.rf.12b326ba774e7c5a448a434a5020fde4.jpg
bad_weld_vid277_jpeg.rf.f0e6a1fb4d8e8156a8d7d5df8f2436a0.jpg,Separated_Dataset\train\Bad_Weld\bad_weld_vid277_jpeg.rf.f0e6a1fb4d8e8156a8d7d5df8f2436a0.jpg
bad_weld_vid277_jpeg_jpg.rf.0e6aafa2605c842edfaedaba06ded02c.jpg,Separated_Dataset\train\Bad_Weld\bad_weld_vid277_jpeg_jpg.rf.0e6aafa2605c842edfaedaba06ded02c.jpg
bad_weld_vid278_jpeg.rf.51dd167ea5ed722b0e78aaaf54c92eb9.jpg,Separated_Dataset\train\Bad_Weld\bad_weld_vid278_jpeg.rf.51dd167ea5ed722b0e78aaaf54c92eb9.jpg
bad_weld_vid278_jpeg.rf.537ba971a67746b35d0066541a41b551.jpg,Separated_Dataset\train\Bad_Weld\bad_weld_vid278_jpeg.rf.537ba971a67746b35d0066541a41b551.jpg
bad_weld_vid278_jpeg_jpg.rf.d7b37caf0f75a2942cae27dedf5c4c64.jpg,Separated_Dataset\train\Bad_Weld\bad_weld_vid278_jpeg_jpg.rf.d7b37caf0f75a2942cae27dedf5c4c64.jpg
bad_weld_vid279_jpeg.rf.e5c88a38abb56cc6348944aa4309df5b.jpg,Separated_Dataset\train\Bad_Weld\bad_weld_vid279_jpeg.rf.e5c88a38abb56cc6348944aa4309df5b.jpg
bad_weld_vid279_jpeg.rf.fc36d195c6563b81d8092ac027bb0112.jpg,Separated_Dataset\train\Bad_Weld\bad_weld_vid279_jpeg.rf.fc36d195c6563b81d8092ac027bb0112.jpg
bad_weld_vid280_jpeg.rf.84ae852be0cfdf652d6c54a8ea04b4f9.jpg,Separated_Dataset\train\Bad_Weld\bad_weld_vid280_jpeg.rf.84ae852be0cfdf652d6c54a8ea04b4f9.jpg
bad_weld_vid280_jpeg_jpg.rf.5eafecafa1ea0e0517a9a9e601fc64e8.jpg,Separated_Dataset\train\Bad_Weld\bad_weld_vid280_jpeg_jpg.rf.5eafecafa1ea0e0517a9a9e601fc64e8.jpg
bad_weld_vid281_jpeg.rf.12846053bb5c12cf49bebbc10742e2c3.jpg,Separated_Dataset\train\Bad_Weld\bad_weld_vid281_jpeg.rf.12846053bb5c12cf49bebbc10742e2c3.jpg
bad_weld_vid281_jpeg.rf.70c390cb688dc6e491c01be043adbd35.jpg,Separated_Dataset\train\Bad_Weld\bad_weld_vid281_jpeg.rf.70c390cb688dc6e491c01be043adbd35.jpg
bad_weld_vid281_jpeg.rf.71b71c662b346f2b2485d5258e6f836b.jpg,Separated_Dataset\train\Bad_Weld\bad_weld_vid281_jpeg.rf.71b71c662b346f2b2485d5258e6f836b.jpg
bad_weld_vid281_jpeg_jpg.rf.5de4661335d18224ba0581eeaeec062e.jpg,Separated_Dataset\train\Bad_Weld\bad_weld_vid281_jpeg_jpg.rf.5de4661335d18224ba0581eeaeec062e.jpg
bad_weld_vid393_jpeg.rf.bc09575775f4d2529fdceb6c78a09113.jpg,Separated_Dataset\train\Bad_Weld\bad_weld_vid393_jpeg.rf.bc09575775f4d2529fdceb6c78a09113.jpg
bad_weld_vid393_jpeg_jpg.rf.51f0cbd291c24db7a622fcec849e9ac7.jpg,Separated_Dataset\train\Bad_Weld\bad_weld_vid393_jpeg_jpg.rf.51f0cbd291c24db7a622fcec849e9ac7.jpg
bad_weld_vid394_jpeg.rf.1157f0bbd3949e20657f4ffb02f172de.jpg,Separated_Dataset\train\Bad_Weld\bad_weld_vid394_jpeg.rf.1157f0bbd3949e20657f4ffb02f172de.jpg
bad_weld_vid394_jpeg.rf.ba219c22b9b2a782ff0778f858c98584.jpg,Separated_Dataset\train\Bad_Weld\bad_weld_vid394_jpeg.rf.ba219c22b9b2a782ff0778f858c98584.jpg
bad_weld_vid394_jpeg_jpg.rf.20d3a3442db782518f8f03af930a0287.jpg,Separated_Dataset\train\Bad_Weld\bad_weld_vid394_jpeg_jpg.rf.20d3a3442db782518f8f03af930a0287.jpg
bad_weld_vid395_jpeg.rf.119eae3295fcaf028ad59bd2014f3b9e.jpg,Separated_Dataset\train\Bad_Weld\bad_weld_vid395_jpeg.rf.119eae3295fcaf028ad59bd2014f3b9e.jpg
bad_weld_vid395_jpeg.rf.aa7a0ca728c7cba2bff8d45d6fcc6555.jpg,Separated_Dataset\train\Bad_Weld\bad_weld_vid395_jpeg.rf.aa7a0ca728c7cba2bff8d45d6fcc6555.jpg
bad_weld_vid396_jpeg.rf.0338f9bb92564bd3afea82fd7e30af2f.jpg,Separated_Dataset\train\Bad_Weld\bad_weld_vid396_jpeg.rf.0338f9bb92564bd3afea82fd7e30af2f.jpg
bad_weld_vid396_jpeg.rf.3adcca21675e3defbeb84b46d7e38991.jpg,Separated_Dataset\train\Bad_Weld\bad_weld_vid396_jpeg.rf.3adcca21675e3defbeb84b46d7e38991.jpg
bad_weld_vid397_jpeg.rf.00bcdf9963b7201f18011184f8eddacb.jpg,Separated_Dataset\train\Bad_Weld\bad_weld_vid397_jpeg.rf.00bcdf9963b7201f18011184f8eddacb.jpg
bad_weld_vid397_jpeg.rf.1bdf4c9f882861a40c9e3db80b440e4c.jpg,Separated_Dataset\train\Bad_Weld\bad_weld_vid397_jpeg.rf.1bdf4c9f882861a40c9e3db80b440e4c.jpg
bad_weld_vid397_jpeg_jpg.rf.6aacbe170c5956e56b1024f24d60c60c.jpg,Separated_Dataset\train\Bad_Weld\bad_weld_vid397_jpeg_jpg.rf.6aacbe170c5956e56b1024f24d60c60c.jpg
bad_weld_vid398_jpeg.rf.2782c226ff289d63e3fc9099bd4de592.jpg,Separated_Dataset\train\Bad_Weld\bad_weld_vid398_jpeg.rf.2782c226ff289d63e3fc9099bd4de592.jpg
bad_weld_vid398_jpeg.rf.67d7b13c0529a200b76b8f98dca17643.jpg,Separated_Dataset\train\Bad_Weld\bad_weld_vid398_jpeg.rf.67d7b13c0529a200b76b8f98dca17643.jpg
bad_weld_vid398_jpeg.rf.edd436f736a08a8062926a0fbc467772.jpg,Separated_Dataset\train\Bad_Weld\bad_weld_vid398_jpeg.rf.edd436f736a08a8062926a0fbc467772.jpg
bad_weld_vid398_jpeg_jpg.rf.327a4056a899fddfaf9a4ebd502b0657.jpg,Separated_Dataset\train\Bad_Weld\bad_weld_vid398_jpeg_jpg.rf.327a4056a899fddfaf9a4ebd502b0657.jpg
bad_weld_vid399_jpeg.rf.089b94f539e0a73b5a67f932196c5265.jpg,Separated_Dataset\train\Bad_Weld\bad_weld_vid399_jpeg.rf.089b94f539e0a73b5a67f932196c5265.jpg
bad_weld_vid399_jpeg.rf.7a8776eaf3864365d3803046188a081e.jpg,Separated_Dataset\train\Bad_Weld\bad_weld_vid399_jpeg.rf.7a8776eaf3864365d3803046188a081e.jpg
bad_weld_vid399_jpeg.rf.f969e711e809a6a20369ff8770779b52.jpg,Separated_Dataset\train\Bad_Weld\bad_weld_vid399_jpeg.rf.f969e711e809a6a20369ff8770779b52.jpg
bad_weld_vid400_jpeg_jpg.rf.06889038e547c36083d90818ea362eee.jpg,Separated_Dataset\train\Bad_Weld\bad_weld_vid400_jpeg_jpg.rf.06889038e547c36083d90818ea362eee.jpg
bad_weld_vid401_jpeg_jpg.rf.810378a3aab8c370f3aaa217288c90e2.jpg,Separated_Dataset\train\Bad_Weld\bad_weld_vid401_jpeg_jpg.rf.810378a3aab8c370f3aaa217288c90e2.jpg
bad_weld_vid402_jpeg.rf.2c847fc3cc669c9655bfc956f795bcb2.jpg,Separated_Dataset\train\Bad_Weld\bad_weld_vid402_jpeg.rf.2c847fc3cc669c9655bfc956f795bcb2.jpg
bad_weld_vid402_jpeg.rf.2d722dc741f52f4e5fa7b71123f0e0d2.jpg,Separated_Dataset\train\Bad_Weld\bad_weld_vid402_jpeg.rf.2d722dc741f52f4e5fa7b71123f0e0d2.jpg
bad_weld_vid695_jpeg.rf.d05162e762d08fa0c849416194f0de2b.jpg,Separated_Dataset\train\Bad_Weld\bad_weld_vid695_jpeg.rf.d05162e762d08fa0c849416194f0de2b.jpg
bad_weld_vid695_jpeg.rf.f51005f2039c5e158cec2a240b930601.jpg,Separated_Dataset\train\Bad_Weld\bad_weld_vid695_jpeg.rf.f51005f2039c5e158cec2a240b930601.jpg
bad_weld_vid695_jpeg_jpg.rf.02f14f76c77b947305873a71b48fde2d.jpg,Separated_Dataset\train\Bad_Weld\bad_weld_vid695_jpeg_jpg.rf.02f14f76c77b947305873a71b48fde2d.jpg
bad_weld_vid721_jpeg.rf.64b6faa62fb7421d85de1a88ff503466.jpg,Separated_Dataset\train\Bad_Weld\bad_weld_vid721_jpeg.rf.64b6faa62fb7421d85de1a88ff503466.jpg
bad_weld_vid721_jpeg.rf.adbfcd87d79e75ef7e486b02322abdea.jpg,Separated_Dataset\train\Bad_Weld\bad_weld_vid721_jpeg.rf.adbfcd87d79e75ef7e486b02322abdea.jpg
bad_weld_vid721_jpeg.rf.e48061471c490bc89e795f0ebaecb242.jpg,Separated_Dataset\train\Bad_Weld\bad_weld_vid721_jpeg.rf.e48061471c490bc89e795f0ebaecb242.jpg
bad_weld_vid722_jpeg.rf.560bb5c311b646e66efd5214fad7cc56.jpg,Separated_Dataset\train\Bad_Weld\bad_weld_vid722_jpeg.rf.560bb5c311b646e66efd5214fad7cc56.jpg
bad_weld_vid722_jpeg.rf.cec115cff60a6c238d0025a4225dd07a.jpg,Separated_Dataset\train\Bad_Weld\bad_weld_vid722_jpeg.rf.cec115cff60a6c238d0025a4225dd07a.jpg
bad_weld_vid722_jpeg.rf.fb370fcec348fc8521c0749c648323f1.jpg,Separated_Dataset\train\Bad_Weld\bad_weld_vid722_jpeg.rf.fb370fcec348fc8521c0749c648323f1.jpg
bad_weld_vid722_jpeg_jpg.rf.086279ab4ad0cb7735b6a752fed7554a.jpg,Separated_Dataset\train\Bad_Weld\bad_weld_vid722_jpeg_jpg.rf.086279ab4ad0cb7735b6a752fed7554a.jpg
good-stick-welds_13_jpeg.rf.4c0645f4285f9378e9b2824078040b25.jpg,Separated_Dataset\train\Bad_Weld\good-stick-welds_13_jpeg.rf.4c0645f4285f9378e9b2824078040b25.jpg
good-stick-welds_13_jpeg.rf.86eac3e6b0d19317c565e3cc3e7e843f.jpg,Separated_Dataset\train\Bad_Weld\good-stick-welds_13_jpeg.rf.86eac3e6b0d19317c565e3cc3e7e843f.jpg
good-stick-welds_13_jpeg.rf.9df6a193d9d9374fe9b9f695d683bf14.jpg,Separated_Dataset\train\Bad_Weld\good-stick-welds_13_jpeg.rf.9df6a193d9d9374fe9b9f695d683bf14.jpg
good-stick-welds_13_jpeg_jpg.rf.efb5720065a033ec7fd8834a970ab206.jpg,Separated_Dataset\train\Bad_Weld\good-stick-welds_13_jpeg_jpg.rf.efb5720065a033ec7fd8834a970ab206.jpg
good-stick-welds_19_png_jpg.rf.dc807e5b52e58b41c2c3c1dd6b833ec8.jpg,Separated_Dataset\train\Bad_Weld\good-stick-welds_19_png_jpg.rf.dc807e5b52e58b41c2c3c1dd6b833ec8.jpg
good-stick-welds_45_jpeg.rf.278d207df4a9ba8e595b864f0d0c3e1d.jpg,Separated_Dataset\train\Bad_Weld\good-stick-welds_45_jpeg.rf.278d207df4a9ba8e595b864f0d0c3e1d.jpg
good-stick-welds_45_jpeg.rf.39adda1a5c7ed86a2895aba0bcdf3c52.jpg,Separated_Dataset\train\Bad_Weld\good-stick-welds_45_jpeg.rf.39adda1a5c7ed86a2895aba0bcdf3c52.jpg
good-stick-welds_45_jpeg.rf.6300095b9ee8d5a87d1020a5e744b8c4.jpg,Separated_Dataset\train\Bad_Weld\good-stick-welds_45_jpeg.rf.6300095b9ee8d5a87d1020a5e744b8c4.jpg
good-stick-welds_45_jpeg_jpg.rf.c5c9ab13ee3b1e55f30d30d0be62c6a7.jpg,Separated_Dataset\train\Bad_Weld\good-stick-welds_45_jpeg_jpg.rf.c5c9ab13ee3b1e55f30d30d0be62c6a7.jpg
good-stick-welds_6_jpeg.rf.3dd90093495f70cc8c6a6eced5a3d98a.jpg,Separated_Dataset\train\Bad_Weld\good-stick-welds_6_jpeg.rf.3dd90093495f70cc8c6a6eced5a3d98a.jpg
good-stick-welds_6_jpeg.rf.5e9bff0d26733f1ce9910c2b4db63ba1.jpg,Separated_Dataset\train\Bad_Weld\good-stick-welds_6_jpeg.rf.5e9bff0d26733f1ce9910c2b4db63ba1.jpg
good-stick-welds_6_jpeg.rf.aecebd04ef169d0a93a8bc30f0eea9f9.jpg,Separated_Dataset\train\Bad_Weld\good-stick-welds_6_jpeg.rf.aecebd04ef169d0a93a8bc30f0eea9f9.jpg
Good-Welding-images_10_jpeg.rf.24257d109ad00947419cd588ce06d39d.jpg,Separated_Dataset\train\Bad_Weld\Good-Welding-images_10_jpeg.rf.24257d109ad00947419cd588ce06d39d.jpg
Good-Welding-images_10_jpeg.rf.85ec46fa8c66e3b03fa4aac431018679.jpg,Separated_Dataset\train\Bad_Weld\Good-Welding-images_10_jpeg.rf.85ec46fa8c66e3b03fa4aac431018679.jpg
Good-Welding-images_10_jpeg.rf.cdf5ecc117e77039a66b050768a4bf15.jpg,Separated_Dataset\train\Bad_Weld\Good-Welding-images_10_jpeg.rf.cdf5ecc117e77039a66b050768a4bf15.jpg
Good-Welding-images_10_jpeg_jpg.rf.01d5e76694c871526ebe4cfc9667ba5a.jpg,Separated_Dataset\train\Bad_Weld\Good-Welding-images_10_jpeg_jpg.rf.01d5e76694c871526ebe4cfc9667ba5a.jpg
Good-Welding-images_17_jpeg_jpg.rf.be58c70a9f7f542fc89cb48847776741.jpg,Separated_Dataset\train\Bad_Weld\Good-Welding-images_17_jpeg_jpg.rf.be58c70a9f7f542fc89cb48847776741.jpg
imagesbggi_jpeg.rf.366c8af62d0bec48e919c9c030a6a705.jpg,Separated_Dataset\train\Bad_Weld\imagesbggi_jpeg.rf.366c8af62d0bec48e919c9c030a6a705.jpg
imagesbggi_jpeg.rf.570b1348ce829f541106aed9425a393c.jpg,Separated_Dataset\train\Bad_Weld\imagesbggi_jpeg.rf.570b1348ce829f541106aed9425a393c.jpg
imagesbggi_jpeg.rf.e0ef35edf6cc2ce9826d2a4ff01bbe9b.jpg,Separated_Dataset\train\Bad_Weld\imagesbggi_jpeg.rf.e0ef35edf6cc2ce9826d2a4ff01bbe9b.jpg
imagesrttytr_jpeg.rf.bed036e8f2d40e3f5e084caff7175b19.jpg,Separated_Dataset\train\Bad_Weld\imagesrttytr_jpeg.rf.bed036e8f2d40e3f5e084caff7175b19.jpg
imagesrttytr_jpeg.rf.edda24776a475e22d7a78c91393871ae.jpg,Separated_Dataset\train\Bad_Weld\imagesrttytr_jpeg.rf.edda24776a475e22d7a78c91393871ae.jpg
imagesry4y_jpeg.rf.ac6a1b54db04c0094823c06c620bde26.jpg,Separated_Dataset\train\Bad_Weld\imagesry4y_jpeg.rf.ac6a1b54db04c0094823c06c620bde26.jpg
imagesry4y_jpeg.rf.d873759d0c9f510cadfe7a60a971a18a.jpg,Separated_Dataset\train\Bad_Weld\imagesry4y_jpeg.rf.d873759d0c9f510cadfe7a60a971a18a.jpg
mig-good-welds_11_jpeg_jpg.rf.c488ebd180387fc1f20114bed459fbb5.jpg,Separated_Dataset\train\Bad_Weld\mig-good-welds_11_jpeg_jpg.rf.c488ebd180387fc1f20114bed459fbb5.jpg
Not-perfect-welding-images_10_jpeg.rf.0e3c0ca171c095f0ae21777c02fc658d.jpg,Separated_Dataset\train\Bad_Weld\Not-perfect-welding-images_10_jpeg.rf.0e3c0ca171c095f0ae21777c02fc658d.jpg
Not-perfect-welding-images_10_jpeg.rf.b213c4d5d518590701f6071397dd2723.jpg,Separated_Dataset\train\Bad_Weld\Not-perfect-welding-images_10_jpeg.rf.b213c4d5d518590701f6071397dd2723.jpg
SampleV1_1_mp4-0_jpg.rf.65486f04c6e53e160a2abf2bb33d012f.jpg,Separated_Dataset\train\Bad_Weld\SampleV1_1_mp4-0_jpg.rf.65486f04c6e53e160a2abf2bb33d012f.jpg
SampleV1_1_mp4-15_jpg.rf.90b1ee6fd2f89c71927d2aadb35076e7.jpg,Separated_Dataset\train\Bad_Weld\SampleV1_1_mp4-15_jpg.rf.90b1ee6fd2f89c71927d2aadb35076e7.jpg
SampleV1_1_mp4-15_jpg.rf.ddbb53bf5d737471165b8c247392e5d3.jpg,Separated_Dataset\train\Bad_Weld\SampleV1_1_mp4-15_jpg.rf.ddbb53bf5d737471165b8c247392e5d3.jpg
SampleV1_1_mp4-1_jpg.rf.3f50c974a91c4e6348dd49491f06def8.jpg,Separated_Dataset\train\Bad_Weld\SampleV1_1_mp4-1_jpg.rf.3f50c974a91c4e6348dd49491f06def8.jpg
SampleV1_1_mp4-2_jpg.rf.3fceaa9169a314203a140ecb7338a683.jpg,Separated_Dataset\train\Bad_Weld\SampleV1_1_mp4-2_jpg.rf.3fceaa9169a314203a140ecb7338a683.jpg
SampleV1_1_mp4-2_jpg.rf.6058060f7b4fc2691c04d6f13a623dcf.jpg,Separated_Dataset\train\Bad_Weld\SampleV1_1_mp4-2_jpg.rf.6058060f7b4fc2691c04d6f13a623dcf.jpg
SampleV1_1_mp4-2_jpg.rf.96d669f7893ab1ea8bd1558d80ba400f.jpg,Separated_Dataset\train\Bad_Weld\SampleV1_1_mp4-2_jpg.rf.96d669f7893ab1ea8bd1558d80ba400f.jpg
SampleV1_1_mp4-31_jpg.rf.7150b9e380de2a8ba199c298c4489014.jpg,Separated_Dataset\train\Bad_Weld\SampleV1_1_mp4-31_jpg.rf.7150b9e380de2a8ba199c298c4489014.jpg
SampleV1_1_mp4-31_jpg.rf.f77055be42c80b953d136d8bcddad916.jpg,Separated_Dataset\train\Bad_Weld\SampleV1_1_mp4-31_jpg.rf.f77055be42c80b953d136d8bcddad916.jpg
SampleV1_1_mp4-33_jpg.rf.ac2cc2676d03786745bbf4706c029034.jpg,Separated_Dataset\train\Bad_Weld\SampleV1_1_mp4-33_jpg.rf.ac2cc2676d03786745bbf4706c029034.jpg
SampleV1_1_mp4-33_jpg.rf.c0cf0dbe04d17982e67f1e0d5ffb9c80.jpg,Separated_Dataset\train\Bad_Weld\SampleV1_1_mp4-33_jpg.rf.c0cf0dbe04d17982e67f1e0d5ffb9c80.jpg
SampleV1_1_mp4-38_jpg.rf.29690ddcbfb03be82cbc01c780d37d22.jpg,Separated_Dataset\train\Bad_Weld\SampleV1_1_mp4-38_jpg.rf.29690ddcbfb03be82cbc01c780d37d22.jpg
SampleV1_1_mp4-38_jpg.rf.3c19560bf7b09b060330f1dae5abd038.jpg,Separated_Dataset\train\Bad_Weld\SampleV1_1_mp4-38_jpg.rf.3c19560bf7b09b060330f1dae5abd038.jpg
SampleV1_1_mp4-39_jpg.rf.4b04ae290da907d11e5e53fd5c34a49d.jpg,Separated_Dataset\train\Bad_Weld\SampleV1_1_mp4-39_jpg.rf.4b04ae290da907d11e5e53fd5c34a49d.jpg
SampleV1_1_mp4-39_jpg.rf.79f0aca0756ee835af27ad0f95385887.jpg,Separated_Dataset\train\Bad_Weld\SampleV1_1_mp4-39_jpg.rf.79f0aca0756ee835af27ad0f95385887.jpg
SampleV1_1_mp4-3_jpg.rf.0ec7da1c4b7355f9e0122ec2dd5e9d23.jpg,Separated_Dataset\train\Bad_Weld\SampleV1_1_mp4-3_jpg.rf.0ec7da1c4b7355f9e0122ec2dd5e9d23.jpg
SampleV1_1_mp4-3_jpg.rf.b1dbec2ffa2118c5e7db6130f8d17407.jpg,Separated_Dataset\train\Bad_Weld\SampleV1_1_mp4-3_jpg.rf.b1dbec2ffa2118c5e7db6130f8d17407.jpg
SampleV1_1_mp4-42_jpg.rf.6e68d9186e630ffb996233ad2a593f51.jpg,Separated_Dataset\train\Bad_Weld\SampleV1_1_mp4-42_jpg.rf.6e68d9186e630ffb996233ad2a593f51.jpg
SampleV1_1_mp4-52_jpg.rf.298ecbcc8da3004227a6ea3e06686110.jpg,Separated_Dataset\train\Bad_Weld\SampleV1_1_mp4-52_jpg.rf.298ecbcc8da3004227a6ea3e06686110.jpg
SampleV1_1_mp4-52_jpg.rf.2c891fc2cf243f9c41425cd26e57299d.jpg,Separated_Dataset\train\Bad_Weld\SampleV1_1_mp4-52_jpg.rf.2c891fc2cf243f9c41425cd26e57299d.jpg
SampleV1_1_mp4-52_jpg.rf.2df877e1e9b22a1694d8d178684f08d7.jpg,Separated_Dataset\train\Bad_Weld\SampleV1_1_mp4-52_jpg.rf.2df877e1e9b22a1694d8d178684f08d7.jpg
SampleV1_1_mp4-55_jpg.rf.1f106d42227245f093f37f3a12a023c9.jpg,Separated_Dataset\train\Bad_Weld\SampleV1_1_mp4-55_jpg.rf.1f106d42227245f093f37f3a12a023c9.jpg
SampleV1_1_mp4-55_jpg.rf.63e3a597cae63c4ee7cc7d0c745b432c.jpg,Separated_Dataset\train\Bad_Weld\SampleV1_1_mp4-55_jpg.rf.63e3a597cae63c4ee7cc7d0c745b432c.jpg
SampleV1_1_mp4-55_jpg.rf.e32e246d3baaefbf3d8a4aa63a95d4a5.jpg,Separated_Dataset\train\Bad_Weld\SampleV1_1_mp4-55_jpg.rf.e32e246d3baaefbf3d8a4aa63a95d4a5.jpg
SampleV1_1_mp4-56_jpg.rf.138e2145a7f1d90908f4ea3d05dc46ea.jpg,Separated_Dataset\train\Bad_Weld\SampleV1_1_mp4-56_jpg.rf.138e2145a7f1d90908f4ea3d05dc46ea.jpg
SampleV1_1_mp4-56_jpg.rf.301174383517df1c2c3e7b0758a6f165.jpg,Separated_Dataset\train\Bad_Weld\SampleV1_1_mp4-56_jpg.rf.301174383517df1c2c3e7b0758a6f165.jpg
SampleV1_1_mp4-59_jpg.rf.1a9d93dd78d2e30ff22cd8a8f2430eca.jpg,Separated_Dataset\train\Bad_Weld\SampleV1_1_mp4-59_jpg.rf.1a9d93dd78d2e30ff22cd8a8f2430eca.jpg
SampleV1_1_mp4-5_jpg.rf.9cdbe9f401082a7c58fe6e41bf3fd4bb.jpg,Separated_Dataset\train\Bad_Weld\SampleV1_1_mp4-5_jpg.rf.9cdbe9f401082a7c58fe6e41bf3fd4bb.jpg
SampleV1_1_mp4-62_jpg.rf.166bcbdbca849914fcf62b579dd0aa88.jpg,Separated_Dataset\train\Bad_Weld\SampleV1_1_mp4-62_jpg.rf.166bcbdbca849914fcf62b579dd0aa88.jpg
SampleV1_1_mp4-62_jpg.rf.6fe8452d882284c66712bb13e706664a.jpg,Separated_Dataset\train\Bad_Weld\SampleV1_1_mp4-62_jpg.rf.6fe8452d882284c66712bb13e706664a.jpg
SampleV1_1_mp4-63_jpg.rf.25b39edee665c447aa7d5026e9adfab1.jpg,Separated_Dataset\train\Bad_Weld\SampleV1_1_mp4-63_jpg.rf.25b39edee665c447aa7d5026e9adfab1.jpg
SampleV1_1_mp4-64_jpg.rf.2c58610fdfadd410498454091244f7fa.jpg,Separated_Dataset\train\Bad_Weld\SampleV1_1_mp4-64_jpg.rf.2c58610fdfadd410498454091244f7fa.jpg
SampleV1_1_mp4-65_jpg.rf.4b853433c040ba8e593d185dfcbc23b4.jpg,Separated_Dataset\train\Bad_Weld\SampleV1_1_mp4-65_jpg.rf.4b853433c040ba8e593d185dfcbc23b4.jpg
SampleV1_1_mp4-65_jpg.rf.eedd2e77e99ec0f6d8a89d78d54338cd.jpg,Separated_Dataset\train\Bad_Weld\SampleV1_1_mp4-65_jpg.rf.eedd2e77e99ec0f6d8a89d78d54338cd.jpg
SampleV1_1_mp4-66_jpg.rf.237772bae0b30767c0e56fe3731b40db.jpg,Separated_Dataset\train\Bad_Weld\SampleV1_1_mp4-66_jpg.rf.237772bae0b30767c0e56fe3731b40db.jpg
SampleV1_1_mp4-67_jpg.rf.1e810c9e6630872606b4c704a0fcd8f1.jpg,Separated_Dataset\train\Bad_Weld\SampleV1_1_mp4-67_jpg.rf.1e810c9e6630872606b4c704a0fcd8f1.jpg
SampleV1_1_mp4-67_jpg.rf.23f0c50bbecb9f426ba9278d71c90986.jpg,Separated_Dataset\train\Bad_Weld\SampleV1_1_mp4-67_jpg.rf.23f0c50bbecb9f426ba9278d71c90986.jpg
SampleV1_1_mp4-68_jpg.rf.3a1ee94008d081aea7842de244bd5d3a.jpg,Separated_Dataset\train\Bad_Weld\SampleV1_1_mp4-68_jpg.rf.3a1ee94008d081aea7842de244bd5d3a.jpg
SampleV1_1_mp4-68_jpg.rf.fefbd35e3bc33a89d4d50832858175e6.jpg,Separated_Dataset\train\Bad_Weld\SampleV1_1_mp4-68_jpg.rf.fefbd35e3bc33a89d4d50832858175e6.jpg
SampleV1_1_mp4-6_jpg.rf.59109e5b021a9c0851c25dfde597ec7d.jpg,Separated_Dataset\train\Bad_Weld\SampleV1_1_mp4-6_jpg.rf.59109e5b021a9c0851c25dfde597ec7d.jpg
SampleV1_1_mp4-6_jpg.rf.af8347d57ec8cd666d9407ca8f84533f.jpg,Separated_Dataset\train\Bad_Weld\SampleV1_1_mp4-6_jpg.rf.af8347d57ec8cd666d9407ca8f84533f.jpg
SampleV1_1_mp4-9_jpg.rf.24a551d3b13ef6d114dfed9094fd2b8f.jpg,Separated_Dataset\train\Bad_Weld\SampleV1_1_mp4-9_jpg.rf.24a551d3b13ef6d114dfed9094fd2b8f.jpg
SampleV1_1_mp4-9_jpg.rf.855f2136d493bf6cb4bad497d4708596.jpg,Separated_Dataset\train\Bad_Weld\SampleV1_1_mp4-9_jpg.rf.855f2136d493bf6cb4bad497d4708596.jpg
SampleV1_2_mp4-0_jpg.rf.074ad46e9d0a6874f2a8179d6fd07345.jpg,Separated_Dataset\train\Bad_Weld\SampleV1_2_mp4-0_jpg.rf.074ad46e9d0a6874f2a8179d6fd07345.jpg
SampleV1_2_mp4-0_jpg.rf.e70b76318edeaeeefc0e433bbb7a02c5.jpg,Separated_Dataset\train\Bad_Weld\SampleV1_2_mp4-0_jpg.rf.e70b76318edeaeeefc0e433bbb7a02c5.jpg
SampleV1_2_mp4-1_jpg.rf.3362515a6da7859a53aa1cc4de0d07ab.jpg,Separated_Dataset\train\Bad_Weld\SampleV1_2_mp4-1_jpg.rf.3362515a6da7859a53aa1cc4de0d07ab.jpg
SampleV1_2_mp4-26_jpg.rf.1a4ec9e9611b23e89819873e6b208469.jpg,Separated_Dataset\train\Bad_Weld\SampleV1_2_mp4-26_jpg.rf.1a4ec9e9611b23e89819873e6b208469.jpg
SampleV1_2_mp4-28_jpg.rf.163448875a44f03e9a85e1c54ee6c721.jpg,Separated_Dataset\train\Bad_Weld\SampleV1_2_mp4-28_jpg.rf.163448875a44f03e9a85e1c54ee6c721.jpg
SampleV1_2_mp4-28_jpg.rf.79b43f88531f7488d4d86297a1106a00.jpg,Separated_Dataset\train\Bad_Weld\SampleV1_2_mp4-28_jpg.rf.79b43f88531f7488d4d86297a1106a00.jpg
SampleV1_2_mp4-29_jpg.rf.6574a8a424ba99743e0ac3cbffe0da31.jpg,Separated_Dataset\train\Bad_Weld\SampleV1_2_mp4-29_jpg.rf.6574a8a424ba99743e0ac3cbffe0da31.jpg
SampleV1_2_mp4-29_jpg.rf.da542aab55819a66b565d81e9b697c78.jpg,Separated_Dataset\train\Bad_Weld\SampleV1_2_mp4-29_jpg.rf.da542aab55819a66b565d81e9b697c78.jpg
SampleV1_2_mp4-30_jpg.rf.1034f83ae89a1a841906922308a1ba8f.jpg,Separated_Dataset\train\Bad_Weld\SampleV1_2_mp4-30_jpg.rf.1034f83ae89a1a841906922308a1ba8f.jpg
SampleV1_2_mp4-31_jpg.rf.2097af0a5f92658924aa7025106714a9.jpg,Separated_Dataset\train\Bad_Weld\SampleV1_2_mp4-31_jpg.rf.2097af0a5f92658924aa7025106714a9.jpg
SampleV1_2_mp4-32_jpg.rf.5a5e032e9aebd487d55cf14702279037.jpg,Separated_Dataset\train\Bad_Weld\SampleV1_2_mp4-32_jpg.rf.5a5e032e9aebd487d55cf14702279037.jpg
SampleV1_2_mp4-33_jpg.rf.072bb4b66e215a6da6c852626d13b12c.jpg,Separated_Dataset\train\Bad_Weld\SampleV1_2_mp4-33_jpg.rf.072bb4b66e215a6da6c852626d13b12c.jpg
SampleV1_2_mp4-38_jpg.rf.1871c033a38e90d60fe86d8bf7165bb2.jpg,Separated_Dataset\train\Bad_Weld\SampleV1_2_mp4-38_jpg.rf.1871c033a38e90d60fe86d8bf7165bb2.jpg
SampleV1_2_mp4-38_jpg.rf.d00a913da76f27edc448164171d4c730.jpg,Separated_Dataset\train\Bad_Weld\SampleV1_2_mp4-38_jpg.rf.d00a913da76f27edc448164171d4c730.jpg
SampleV1_2_mp4-39_jpg.rf.74fbc7382e2e3f41e507d571f290d3d9.jpg,Separated_Dataset\train\Bad_Weld\SampleV1_2_mp4-39_jpg.rf.74fbc7382e2e3f41e507d571f290d3d9.jpg
SampleV1_2_mp4-39_jpg.rf.9ae90f73218d3f04926a6e8a6eacea10.jpg,Separated_Dataset\train\Bad_Weld\SampleV1_2_mp4-39_jpg.rf.9ae90f73218d3f04926a6e8a6eacea10.jpg
SampleV1_2_mp4-39_jpg.rf.c9db7d3817ac54aa26a006eb9e37dd7b.jpg,Separated_Dataset\train\Bad_Weld\SampleV1_2_mp4-39_jpg.rf.c9db7d3817ac54aa26a006eb9e37dd7b.jpg
SampleV1_2_mp4-3_jpg.rf.44026c70834c8e6b603002aa4021f8cd.jpg,Separated_Dataset\train\Bad_Weld\SampleV1_2_mp4-3_jpg.rf.44026c70834c8e6b603002aa4021f8cd.jpg
SampleV1_2_mp4-40_jpg.rf.4b10c40b025ff0edbf35661be3a3a20f.jpg,Separated_Dataset\train\Bad_Weld\SampleV1_2_mp4-40_jpg.rf.4b10c40b025ff0edbf35661be3a3a20f.jpg
SampleV1_2_mp4-4_jpg.rf.3307b25b8e668cb6387eba6d62f869b4.jpg,Separated_Dataset\train\Bad_Weld\SampleV1_2_mp4-4_jpg.rf.3307b25b8e668cb6387eba6d62f869b4.jpg
SampleV1_2_mp4-4_jpg.rf.81c6f040dbe12a1996afe31e44d23ddc.jpg,Separated_Dataset\train\Bad_Weld\SampleV1_2_mp4-4_jpg.rf.81c6f040dbe12a1996afe31e44d23ddc.jpg
SampleV1_2_mp4-4_jpg.rf.b268f8a8192ef3fd2ec9c88edd223272.jpg,Separated_Dataset\train\Bad_Weld\SampleV1_2_mp4-4_jpg.rf.b268f8a8192ef3fd2ec9c88edd223272.jpg
SampleV1_2_mp4-6_jpg.rf.559ec654aa148c90758427e64c8f36cf.jpg,Separated_Dataset\train\Bad_Weld\SampleV1_2_mp4-6_jpg.rf.559ec654aa148c90758427e64c8f36cf.jpg
SampleV1_2_mp4-6_jpg.rf.8d7d3e5ae8c4c64573e7e7fa9cf39b9c.jpg,Separated_Dataset\train\Bad_Weld\SampleV1_2_mp4-6_jpg.rf.8d7d3e5ae8c4c64573e7e7fa9cf39b9c.jpg
SampleV1_2_mp4-9_jpg.rf.d07185e3ce6f2dbd80b7eb57736fb534.jpg,Separated_Dataset\train\Bad_Weld\SampleV1_2_mp4-9_jpg.rf.d07185e3ce6f2dbd80b7eb57736fb534.jpg
SampleV1_2_mp4-9_jpg.rf.e195b72b4ed95726810b0bdb570288ad.jpg,Separated_Dataset\train\Bad_Weld\SampleV1_2_mp4-9_jpg.rf.e195b72b4ed95726810b0bdb570288ad.jpg
SampleV2_1_mp4-0_jpg.rf.32dc225d9b5d11d01260f75c918a9961.jpg,Separated_Dataset\train\Bad_Weld\SampleV2_1_mp4-0_jpg.rf.32dc225d9b5d11d01260f75c918a9961.jpg
SampleV2_1_mp4-100_jpg.rf.c4eb43868aed7721ffea0158a9bd7747.jpg,Separated_Dataset\train\Bad_Weld\SampleV2_1_mp4-100_jpg.rf.c4eb43868aed7721ffea0158a9bd7747.jpg
SampleV2_1_mp4-100_jpg.rf.cb738ffa0f2f8503796aff8e88706da1.jpg,Separated_Dataset\train\Bad_Weld\SampleV2_1_mp4-100_jpg.rf.cb738ffa0f2f8503796aff8e88706da1.jpg
SampleV2_1_mp4-100_jpg.rf.d3e1952bee28fff0142e47b56e662938.jpg,Separated_Dataset\train\Bad_Weld\SampleV2_1_mp4-100_jpg.rf.d3e1952bee28fff0142e47b56e662938.jpg
SampleV2_1_mp4-101_jpg.rf.060802847cc80d0c3f98b589913648c0.jpg,Separated_Dataset\train\Bad_Weld\SampleV2_1_mp4-101_jpg.rf.060802847cc80d0c3f98b589913648c0.jpg
SampleV2_1_mp4-101_jpg.rf.286ed8bf156c7975c11e5069b9812fe1.jpg,Separated_Dataset\train\Bad_Weld\SampleV2_1_mp4-101_jpg.rf.286ed8bf156c7975c11e5069b9812fe1.jpg
SampleV2_1_mp4-102_jpg.rf.05cb8d8e9e9bb916d91e28e714f048c7.jpg,Separated_Dataset\train\Bad_Weld\SampleV2_1_mp4-102_jpg.rf.05cb8d8e9e9bb916d91e28e714f048c7.jpg
SampleV2_1_mp4-102_jpg.rf.b6e1ab2ee11bee4dd87cf96f36f60163.jpg,Separated_Dataset\train\Bad_Weld\SampleV2_1_mp4-102_jpg.rf.b6e1ab2ee11bee4dd87cf96f36f60163.jpg
SampleV2_1_mp4-103_jpg.rf.38a33ab820bd064563b249a7e64b0934.jpg,Separated_Dataset\train\Bad_Weld\SampleV2_1_mp4-103_jpg.rf.38a33ab820bd064563b249a7e64b0934.jpg
SampleV2_1_mp4-104_jpg.rf.07b4b3427478c7d72468312c319395bc.jpg,Separated_Dataset\train\Bad_Weld\SampleV2_1_mp4-104_jpg.rf.07b4b3427478c7d72468312c319395bc.jpg
SampleV2_1_mp4-104_jpg.rf.8c5df07f9d3dc7ea351a6844d86a195d.jpg,Separated_Dataset\train\Bad_Weld\SampleV2_1_mp4-104_jpg.rf.8c5df07f9d3dc7ea351a6844d86a195d.jpg
SampleV2_1_mp4-10_jpg.rf.6922b95ee462fdb954886f7e7c98ae8a.jpg,Separated_Dataset\train\Bad_Weld\SampleV2_1_mp4-10_jpg.rf.6922b95ee462fdb954886f7e7c98ae8a.jpg
SampleV2_1_mp4-10_jpg.rf.d1e56bfef0409aea474170ec343b3208.jpg,Separated_Dataset\train\Bad_Weld\SampleV2_1_mp4-10_jpg.rf.d1e56bfef0409aea474170ec343b3208.jpg
SampleV2_1_mp4-11_jpg.rf.393a20f7e59bab179f6bb6ef2a5778e6.jpg,Separated_Dataset\train\Bad_Weld\SampleV2_1_mp4-11_jpg.rf.393a20f7e59bab179f6bb6ef2a5778e6.jpg
SampleV2_1_mp4-12_jpg.rf.04188ab85bd8b6ca6ad998a43bef88e7.jpg,Separated_Dataset\train\Bad_Weld\SampleV2_1_mp4-12_jpg.rf.04188ab85bd8b6ca6ad998a43bef88e7.jpg
SampleV2_1_mp4-12_jpg.rf.254346935dae231e7e93b5ab847cecf9.jpg,Separated_Dataset\train\Bad_Weld\SampleV2_1_mp4-12_jpg.rf.254346935dae231e7e93b5ab847cecf9.jpg
SampleV2_1_mp4-12_jpg.rf.5260d8ff5b05b3b605069516156f4e63.jpg,Separated_Dataset\train\Bad_Weld\SampleV2_1_mp4-12_jpg.rf.5260d8ff5b05b3b605069516156f4e63.jpg
SampleV2_1_mp4-13_jpg.rf.a2f7aaf8a214bb4c7eae2e9a12a1298b.jpg,Separated_Dataset\train\Bad_Weld\SampleV2_1_mp4-13_jpg.rf.a2f7aaf8a214bb4c7eae2e9a12a1298b.jpg
SampleV2_1_mp4-14_jpg.rf.6de6f3e5a0ebf7a3201a95ce2bd0aa1e.jpg,Separated_Dataset\train\Bad_Weld\SampleV2_1_mp4-14_jpg.rf.6de6f3e5a0ebf7a3201a95ce2bd0aa1e.jpg
SampleV2_1_mp4-14_jpg.rf.cbc6387698f9f53aa1df38ca3cb52d6d.jpg,Separated_Dataset\train\Bad_Weld\SampleV2_1_mp4-14_jpg.rf.cbc6387698f9f53aa1df38ca3cb52d6d.jpg
SampleV2_1_mp4-14_jpg.rf.dbfeb0fbb4f5ee5946654639b7458dff.jpg,Separated_Dataset\train\Bad_Weld\SampleV2_1_mp4-14_jpg.rf.dbfeb0fbb4f5ee5946654639b7458dff.jpg
SampleV2_1_mp4-15_jpg.rf.5e6eae23e40b37ab6f789d871c549f66.jpg,Separated_Dataset\train\Bad_Weld\SampleV2_1_mp4-15_jpg.rf.5e6eae23e40b37ab6f789d871c549f66.jpg
SampleV2_1_mp4-1_jpg.rf.3b4e0f222cf8562493d1cf1d4d6fe727.jpg,Separated_Dataset\train\Bad_Weld\SampleV2_1_mp4-1_jpg.rf.3b4e0f222cf8562493d1cf1d4d6fe727.jpg
SampleV2_1_mp4-20_jpg.rf.1ca6354d0827f07d2ffea9dcc01b74b2.jpg,Separated_Dataset\train\Bad_Weld\SampleV2_1_mp4-20_jpg.rf.1ca6354d0827f07d2ffea9dcc01b74b2.jpg
SampleV2_1_mp4-21_jpg.rf.252c00513d8b5be2fffdd9637c88d20c.jpg,Separated_Dataset\train\Bad_Weld\SampleV2_1_mp4-21_jpg.rf.252c00513d8b5be2fffdd9637c88d20c.jpg
SampleV2_1_mp4-22_jpg.rf.9a3b37b69dfde7f3f07d819172d0717f.jpg,Separated_Dataset\train\Bad_Weld\SampleV2_1_mp4-22_jpg.rf.9a3b37b69dfde7f3f07d819172d0717f.jpg
SampleV2_1_mp4-22_jpg.rf.b1a3c2ac5242d2061dcff2256f08b7e5.jpg,Separated_Dataset\train\Bad_Weld\SampleV2_1_mp4-22_jpg.rf.b1a3c2ac5242d2061dcff2256f08b7e5.jpg
SampleV2_1_mp4-23_jpg.rf.241924e25a435399c99ae647df1de302.jpg,Separated_Dataset\train\Bad_Weld\SampleV2_1_mp4-23_jpg.rf.241924e25a435399c99ae647df1de302.jpg
SampleV2_1_mp4-23_jpg.rf.477c553ca7f1b03e68679fe9a4289b6e.jpg,Separated_Dataset\train\Bad_Weld\SampleV2_1_mp4-23_jpg.rf.477c553ca7f1b03e68679fe9a4289b6e.jpg
SampleV2_1_mp4-24_jpg.rf.4d4d047403c1a4fa9e4753aba4440d81.jpg,Separated_Dataset\train\Bad_Weld\SampleV2_1_mp4-24_jpg.rf.4d4d047403c1a4fa9e4753aba4440d81.jpg
SampleV2_1_mp4-25_jpg.rf.361292e803d9b3e015fe44411c0243ad.jpg,Separated_Dataset\train\Bad_Weld\SampleV2_1_mp4-25_jpg.rf.361292e803d9b3e015fe44411c0243ad.jpg
SampleV2_1_mp4-25_jpg.rf.fc43c08aeb35e70ce54a723452107abd.jpg,Separated_Dataset\train\Bad_Weld\SampleV2_1_mp4-25_jpg.rf.fc43c08aeb35e70ce54a723452107abd.jpg
SampleV2_1_mp4-27_jpg.rf.264d1958586b802ee49cee8b77f2b7c0.jpg,Separated_Dataset\train\Bad_Weld\SampleV2_1_mp4-27_jpg.rf.264d1958586b802ee49cee8b77f2b7c0.jpg
SampleV2_1_mp4-27_jpg.rf.88f78d07ae37beebf7382c2344c65e6f.jpg,Separated_Dataset\train\Bad_Weld\SampleV2_1_mp4-27_jpg.rf.88f78d07ae37beebf7382c2344c65e6f.jpg
SampleV2_1_mp4-27_jpg.rf.8c3b1bf39bf0b178c1e7846c8c8c0ee7.jpg,Separated_Dataset\train\Bad_Weld\SampleV2_1_mp4-27_jpg.rf.8c3b1bf39bf0b178c1e7846c8c8c0ee7.jpg
SampleV2_1_mp4-29_jpg.rf.51b811f798a9c42f458bdbad655a067f.jpg,Separated_Dataset\train\Bad_Weld\SampleV2_1_mp4-29_jpg.rf.51b811f798a9c42f458bdbad655a067f.jpg
SampleV2_1_mp4-29_jpg.rf.a9ae1d383afd6e437256bd9bc1fdbbb2.jpg,Separated_Dataset\train\Bad_Weld\SampleV2_1_mp4-29_jpg.rf.a9ae1d383afd6e437256bd9bc1fdbbb2.jpg
SampleV2_1_mp4-2_jpg.rf.5883a301ba147f3beb145ee6907aeea2.jpg,Separated_Dataset\train\Bad_Weld\SampleV2_1_mp4-2_jpg.rf.5883a301ba147f3beb145ee6907aeea2.jpg
SampleV2_1_mp4-2_jpg.rf.6e203ac5bd6bb03c907d2cd98e2b228d.jpg,Separated_Dataset\train\Bad_Weld\SampleV2_1_mp4-2_jpg.rf.6e203ac5bd6bb03c907d2cd98e2b228d.jpg
SampleV2_1_mp4-35_jpg.rf.262b5e9521a2f20b84244320760f9f71.jpg,Separated_Dataset\train\Bad_Weld\SampleV2_1_mp4-35_jpg.rf.262b5e9521a2f20b84244320760f9f71.jpg
SampleV2_1_mp4-37_jpg.rf.610370a38e61ce3bc1d8b0f42791022c.jpg,Separated_Dataset\train\Bad_Weld\SampleV2_1_mp4-37_jpg.rf.610370a38e61ce3bc1d8b0f42791022c.jpg
SampleV2_1_mp4-3_jpg.rf.2a3336997d4e82495bae3d9a47c6802b.jpg,Separated_Dataset\train\Bad_Weld\SampleV2_1_mp4-3_jpg.rf.2a3336997d4e82495bae3d9a47c6802b.jpg
SampleV2_1_mp4-40_jpg.rf.3a8562c4df6e8b34dc1ca6d874b98577.jpg,Separated_Dataset\train\Bad_Weld\SampleV2_1_mp4-40_jpg.rf.3a8562c4df6e8b34dc1ca6d874b98577.jpg
SampleV2_1_mp4-4_jpg.rf.5bc73639028478048c1e39e1c790688e.jpg,Separated_Dataset\train\Bad_Weld\SampleV2_1_mp4-4_jpg.rf.5bc73639028478048c1e39e1c790688e.jpg
SampleV2_1_mp4-4_jpg.rf.c6d802ddc9e1bce0163236cdee638e03.jpg,Separated_Dataset\train\Bad_Weld\SampleV2_1_mp4-4_jpg.rf.c6d802ddc9e1bce0163236cdee638e03.jpg
SampleV2_1_mp4-4_jpg.rf.ffbd153b5fee1c5f716dcbd88450b18a.jpg,Separated_Dataset\train\Bad_Weld\SampleV2_1_mp4-4_jpg.rf.ffbd153b5fee1c5f716dcbd88450b18a.jpg
SampleV2_1_mp4-56_jpg.rf.6c76d7abd398a5871f4393f9145b377f.jpg,Separated_Dataset\train\Bad_Weld\SampleV2_1_mp4-56_jpg.rf.6c76d7abd398a5871f4393f9145b377f.jpg
SampleV2_1_mp4-57_jpg.rf.111ffe3669adf92046f0ca68c0cf242d.jpg,Separated_Dataset\train\Bad_Weld\SampleV2_1_mp4-57_jpg.rf.111ffe3669adf92046f0ca68c0cf242d.jpg
SampleV2_1_mp4-57_jpg.rf.5237fcedde9f9f61cf2984d97a466e7a.jpg,Separated_Dataset\train\Bad_Weld\SampleV2_1_mp4-57_jpg.rf.5237fcedde9f9f61cf2984d97a466e7a.jpg
SampleV2_1_mp4-59_jpg.rf.b500f4a89177615c16be765f9f15b910.jpg,Separated_Dataset\train\Bad_Weld\SampleV2_1_mp4-59_jpg.rf.b500f4a89177615c16be765f9f15b910.jpg
SampleV2_1_mp4-60_jpg.rf.40f4a4094130e65b1a801b49fefc5d01.jpg,Separated_Dataset\train\Bad_Weld\SampleV2_1_mp4-60_jpg.rf.40f4a4094130e65b1a801b49fefc5d01.jpg
SampleV2_1_mp4-61_jpg.rf.1055a7e26f04179d5a1d3e3e259cc322.jpg,Separated_Dataset\train\Bad_Weld\SampleV2_1_mp4-61_jpg.rf.1055a7e26f04179d5a1d3e3e259cc322.jpg
SampleV2_1_mp4-61_jpg.rf.7c34b4005d107c55c5858c1f52b51569.jpg,Separated_Dataset\train\Bad_Weld\SampleV2_1_mp4-61_jpg.rf.7c34b4005d107c55c5858c1f52b51569.jpg
SampleV2_1_mp4-61_jpg.rf.f2e8b6ddea1eda2511432350d52d45d2.jpg,Separated_Dataset\train\Bad_Weld\SampleV2_1_mp4-61_jpg.rf.f2e8b6ddea1eda2511432350d52d45d2.jpg
SampleV2_1_mp4-62_jpg.rf.4053223bb9d272a6648d9bda0bf029ce.jpg,Separated_Dataset\train\Bad_Weld\SampleV2_1_mp4-62_jpg.rf.4053223bb9d272a6648d9bda0bf029ce.jpg
SampleV2_1_mp4-62_jpg.rf.8027a5bfa182f504f1dc711129f992f1.jpg,Separated_Dataset\train\Bad_Weld\SampleV2_1_mp4-62_jpg.rf.8027a5bfa182f504f1dc711129f992f1.jpg
SampleV2_1_mp4-65_jpg.rf.21d6ab0642edc947cdee0bb05798e622.jpg,Separated_Dataset\train\Bad_Weld\SampleV2_1_mp4-65_jpg.rf.21d6ab0642edc947cdee0bb05798e622.jpg
SampleV2_1_mp4-66_jpg.rf.0242a552dc655373ae4b4b6e2f2a7882.jpg,Separated_Dataset\train\Bad_Weld\SampleV2_1_mp4-66_jpg.rf.0242a552dc655373ae4b4b6e2f2a7882.jpg
SampleV2_1_mp4-66_jpg.rf.57c9cd7d08fd6b2bca81db12c82f4994.jpg,Separated_Dataset\train\Bad_Weld\SampleV2_1_mp4-66_jpg.rf.57c9cd7d08fd6b2bca81db12c82f4994.jpg
SampleV2_1_mp4-66_jpg.rf.6b14ad92bbe0481f230bc284fd071045.jpg,Separated_Dataset\train\Bad_Weld\SampleV2_1_mp4-66_jpg.rf.6b14ad92bbe0481f230bc284fd071045.jpg
SampleV2_1_mp4-67_jpg.rf.416fdde6c5faa60f87166934cf52150a.jpg,Separated_Dataset\train\Bad_Weld\SampleV2_1_mp4-67_jpg.rf.416fdde6c5faa60f87166934cf52150a.jpg
SampleV2_1_mp4-68_jpg.rf.79de5e5e1753574e62f023294bc7eb88.jpg,Separated_Dataset\train\Bad_Weld\SampleV2_1_mp4-68_jpg.rf.79de5e5e1753574e62f023294bc7eb88.jpg
SampleV2_1_mp4-68_jpg.rf.bda151270c654f827d9cbed7ba8c588c.jpg,Separated_Dataset\train\Bad_Weld\SampleV2_1_mp4-68_jpg.rf.bda151270c654f827d9cbed7ba8c588c.jpg
SampleV2_1_mp4-69_jpg.rf.dda7d1a2f24500430737993b3ef8c3b0.jpg,Separated_Dataset\train\Bad_Weld\SampleV2_1_mp4-69_jpg.rf.dda7d1a2f24500430737993b3ef8c3b0.jpg
SampleV2_1_mp4-69_jpg.rf.e6d062115e9882a7b984b0f18ee7cb8a.jpg,Separated_Dataset\train\Bad_Weld\SampleV2_1_mp4-69_jpg.rf.e6d062115e9882a7b984b0f18ee7cb8a.jpg
SampleV2_1_mp4-6_jpg.rf.237ed2a9d8235a67b16ca8c12b61dea4.jpg,Separated_Dataset\train\Bad_Weld\SampleV2_1_mp4-6_jpg.rf.237ed2a9d8235a67b16ca8c12b61dea4.jpg
SampleV2_1_mp4-6_jpg.rf.d5f2c38a5d89eb5cb6f5ef5617604094.jpg,Separated_Dataset\train\Bad_Weld\SampleV2_1_mp4-6_jpg.rf.d5f2c38a5d89eb5cb6f5ef5617604094.jpg
SampleV2_1_mp4-6_jpg.rf.e0a28fbb892c8293a6797da0f673f198.jpg,Separated_Dataset\train\Bad_Weld\SampleV2_1_mp4-6_jpg.rf.e0a28fbb892c8293a6797da0f673f198.jpg
SampleV2_1_mp4-70_jpg.rf.1fb4893ac53296d11781ff46c77df155.jpg,Separated_Dataset\train\Bad_Weld\SampleV2_1_mp4-70_jpg.rf.1fb4893ac53296d11781ff46c77df155.jpg
SampleV2_1_mp4-70_jpg.rf.bd082f577e0dca42606ad98a67a0a761.jpg,Separated_Dataset\train\Bad_Weld\SampleV2_1_mp4-70_jpg.rf.bd082f577e0dca42606ad98a67a0a761.jpg
SampleV2_1_mp4-72_jpg.rf.246f679edd386212af7bec5cdab7e79b.jpg,Separated_Dataset\train\Bad_Weld\SampleV2_1_mp4-72_jpg.rf.246f679edd386212af7bec5cdab7e79b.jpg
SampleV2_1_mp4-72_jpg.rf.35c79605295b91737749048d6ef9dfc9.jpg,Separated_Dataset\train\Bad_Weld\SampleV2_1_mp4-72_jpg.rf.35c79605295b91737749048d6ef9dfc9.jpg
SampleV2_1_mp4-72_jpg.rf.64ebbf894d352e0b6e360f3c3beeab36.jpg,Separated_Dataset\train\Bad_Weld\SampleV2_1_mp4-72_jpg.rf.64ebbf894d352e0b6e360f3c3beeab36.jpg
SampleV2_1_mp4-73_jpg.rf.3aa07b260a2bbf61fd6d7f644739b54c.jpg,Separated_Dataset\train\Bad_Weld\SampleV2_1_mp4-73_jpg.rf.3aa07b260a2bbf61fd6d7f644739b54c.jpg
SampleV2_1_mp4-73_jpg.rf.f9fd07fe07a315c4ea47e2efbcbf2062.jpg,Separated_Dataset\train\Bad_Weld\SampleV2_1_mp4-73_jpg.rf.f9fd07fe07a315c4ea47e2efbcbf2062.jpg
SampleV2_1_mp4-74_jpg.rf.0783c6837e5c334659bebb9c54bcb6f3.jpg,Separated_Dataset\train\Bad_Weld\SampleV2_1_mp4-74_jpg.rf.0783c6837e5c334659bebb9c54bcb6f3.jpg
SampleV2_1_mp4-74_jpg.rf.09e7811f873f8b01f72589b5da7e61cc.jpg,Separated_Dataset\train\Bad_Weld\SampleV2_1_mp4-74_jpg.rf.09e7811f873f8b01f72589b5da7e61cc.jpg
SampleV2_1_mp4-74_jpg.rf.545b7d5356a156a52f68455a050da7d9.jpg,Separated_Dataset\train\Bad_Weld\SampleV2_1_mp4-74_jpg.rf.545b7d5356a156a52f68455a050da7d9.jpg
SampleV2_1_mp4-75_jpg.rf.249c241d69596107fc0118f3109983a4.jpg,Separated_Dataset\train\Bad_Weld\SampleV2_1_mp4-75_jpg.rf.249c241d69596107fc0118f3109983a4.jpg
SampleV2_1_mp4-76_jpg.rf.5c327d782460e9eab6f559ac2509e13a.jpg,Separated_Dataset\train\Bad_Weld\SampleV2_1_mp4-76_jpg.rf.5c327d782460e9eab6f559ac2509e13a.jpg
SampleV2_1_mp4-76_jpg.rf.c4854fdddbd91995d66e2d1b9d787c8c.jpg,Separated_Dataset\train\Bad_Weld\SampleV2_1_mp4-76_jpg.rf.c4854fdddbd91995d66e2d1b9d787c8c.jpg
SampleV2_1_mp4-77_jpg.rf.06f54eaff6a1951d19118c70eb9b439c.jpg,Separated_Dataset\train\Bad_Weld\SampleV2_1_mp4-77_jpg.rf.06f54eaff6a1951d19118c70eb9b439c.jpg
SampleV2_1_mp4-78_jpg.rf.39d27eefdf9aed0b891645db05713cf3.jpg,Separated_Dataset\train\Bad_Weld\SampleV2_1_mp4-78_jpg.rf.39d27eefdf9aed0b891645db05713cf3.jpg
SampleV2_1_mp4-78_jpg.rf.ad3a417c88d00b1be1901f3b8ffbd60d.jpg,Separated_Dataset\train\Bad_Weld\SampleV2_1_mp4-78_jpg.rf.ad3a417c88d00b1be1901f3b8ffbd60d.jpg
SampleV2_1_mp4-79_jpg.rf.8d9e3058493cf0e04c0f60637c1c4827.jpg,Separated_Dataset\train\Bad_Weld\SampleV2_1_mp4-79_jpg.rf.8d9e3058493cf0e04c0f60637c1c4827.jpg
SampleV2_1_mp4-79_jpg.rf.f39312ebbd59f7d0b3bac978023732b3.jpg,Separated_Dataset\train\Bad_Weld\SampleV2_1_mp4-79_jpg.rf.f39312ebbd59f7d0b3bac978023732b3.jpg
SampleV2_1_mp4-7_jpg.rf.4f26c2d3f9130ca7c818214862a72526.jpg,Separated_Dataset\train\Bad_Weld\SampleV2_1_mp4-7_jpg.rf.4f26c2d3f9130ca7c818214862a72526.jpg
SampleV2_1_mp4-80_jpg.rf.18e706cefed21ceeb37e37a9ab33f498.jpg,Separated_Dataset\train\Bad_Weld\SampleV2_1_mp4-80_jpg.rf.18e706cefed21ceeb37e37a9ab33f498.jpg
SampleV2_1_mp4-81_jpg.rf.1732ea4aa9634f499edba305b456275f.jpg,Separated_Dataset\train\Bad_Weld\SampleV2_1_mp4-81_jpg.rf.1732ea4aa9634f499edba305b456275f.jpg
SampleV2_1_mp4-81_jpg.rf.4a13220bf39b585a0de8dee9ad7fa646.jpg,Separated_Dataset\train\Bad_Weld\SampleV2_1_mp4-81_jpg.rf.4a13220bf39b585a0de8dee9ad7fa646.jpg
SampleV2_1_mp4-81_jpg.rf.f8527af5f14c67b55f9559fce8d7a45e.jpg,Separated_Dataset\train\Bad_Weld\SampleV2_1_mp4-81_jpg.rf.f8527af5f14c67b55f9559fce8d7a45e.jpg
SampleV2_1_mp4-83_jpg.rf.07ed1df78ddf92606a9e73b022f13159.jpg,Separated_Dataset\train\Bad_Weld\SampleV2_1_mp4-83_jpg.rf.07ed1df78ddf92606a9e73b022f13159.jpg
SampleV2_1_mp4-83_jpg.rf.fdfa5f4940148dcfc06b57938f10744a.jpg,Separated_Dataset\train\Bad_Weld\SampleV2_1_mp4-83_jpg.rf.fdfa5f4940148dcfc06b57938f10744a.jpg
SampleV2_1_mp4-84_jpg.rf.0c3def08fb93a77eca51d14507280f4e.jpg,Separated_Dataset\train\Bad_Weld\SampleV2_1_mp4-84_jpg.rf.0c3def08fb93a77eca51d14507280f4e.jpg
SampleV2_1_mp4-8_jpg.rf.23aadfd1c3e6f01601f0fe48ded7dfe3.jpg,Separated_Dataset\train\Bad_Weld\SampleV2_1_mp4-8_jpg.rf.23aadfd1c3e6f01601f0fe48ded7dfe3.jpg
SampleV2_1_mp4-8_jpg.rf.78a8c6123117fec978f54c44f79fe240.jpg,Separated_Dataset\train\Bad_Weld\SampleV2_1_mp4-8_jpg.rf.78a8c6123117fec978f54c44f79fe240.jpg
SampleV2_1_mp4-90_jpg.rf.19ad4979865d6aba1cfaaa23f1dfb1f9.jpg,Separated_Dataset\train\Bad_Weld\SampleV2_1_mp4-90_jpg.rf.19ad4979865d6aba1cfaaa23f1dfb1f9.jpg
SampleV2_1_mp4-92_jpg.rf.74e77e6dc2ede55519e40a32a133d698.jpg,Separated_Dataset\train\Bad_Weld\SampleV2_1_mp4-92_jpg.rf.74e77e6dc2ede55519e40a32a133d698.jpg
SampleV2_1_mp4-96_jpg.rf.1613677f5ecd81e68731fcf7ef551940.jpg,Separated_Dataset\train\Bad_Weld\SampleV2_1_mp4-96_jpg.rf.1613677f5ecd81e68731fcf7ef551940.jpg
SampleV2_1_mp4-99_jpg.rf.023541d163546f410b0c502a25e5631e.jpg,Separated_Dataset\train\Bad_Weld\SampleV2_1_mp4-99_jpg.rf.023541d163546f410b0c502a25e5631e.jpg
SampleV2_1_mp4-99_jpg.rf.9933f463ab9393fb2f25870e679154da.jpg,Separated_Dataset\train\Bad_Weld\SampleV2_1_mp4-99_jpg.rf.9933f463ab9393fb2f25870e679154da.jpg
SampleV2_2_mp4-100_jpg.rf.95c9ff940b64d347919b6d49dfb8b0b3.jpg,Separated_Dataset\train\Bad_Weld\SampleV2_2_mp4-100_jpg.rf.95c9ff940b64d347919b6d49dfb8b0b3.jpg
SampleV2_2_mp4-102_jpg.rf.357786f6ea71ab7767b267f5062e268d.jpg,Separated_Dataset\train\Bad_Weld\SampleV2_2_mp4-102_jpg.rf.357786f6ea71ab7767b267f5062e268d.jpg
SampleV2_2_mp4-102_jpg.rf.43de141aa12490bad697d426c77cc08c.jpg,Separated_Dataset\train\Bad_Weld\SampleV2_2_mp4-102_jpg.rf.43de141aa12490bad697d426c77cc08c.jpg
SampleV2_2_mp4-103_jpg.rf.2c703373f128ee5f1e6a7e8a1acbd341.jpg,Separated_Dataset\train\Bad_Weld\SampleV2_2_mp4-103_jpg.rf.2c703373f128ee5f1e6a7e8a1acbd341.jpg
SampleV2_2_mp4-103_jpg.rf.ec478400da093a4f54155f1959751c80.jpg,Separated_Dataset\train\Bad_Weld\SampleV2_2_mp4-103_jpg.rf.ec478400da093a4f54155f1959751c80.jpg
SampleV2_2_mp4-108_jpg.rf.37e8dcd76377b4916f9041a963025748.jpg,Separated_Dataset\train\Bad_Weld\SampleV2_2_mp4-108_jpg.rf.37e8dcd76377b4916f9041a963025748.jpg
SampleV2_2_mp4-109_jpg.rf.1611e317b442e113652e79a2bc09b91b.jpg,Separated_Dataset\train\Bad_Weld\SampleV2_2_mp4-109_jpg.rf.1611e317b442e113652e79a2bc09b91b.jpg
SampleV2_2_mp4-109_jpg.rf.c50d76b87d8447d9f45800fff6a5fe0f.jpg,Separated_Dataset\train\Bad_Weld\SampleV2_2_mp4-109_jpg.rf.c50d76b87d8447d9f45800fff6a5fe0f.jpg
SampleV2_2_mp4-10_jpg.rf.7b9ca70d7064aab5b5f20baa684f5001.jpg,Separated_Dataset\train\Bad_Weld\SampleV2_2_mp4-10_jpg.rf.7b9ca70d7064aab5b5f20baa684f5001.jpg
SampleV2_2_mp4-10_jpg.rf.f645577d02c06916d8db77e65f188cb4.jpg,Separated_Dataset\train\Bad_Weld\SampleV2_2_mp4-10_jpg.rf.f645577d02c06916d8db77e65f188cb4.jpg
SampleV2_2_mp4-11_jpg.rf.21f36ff868a3945fa353948bd0a7314f.jpg,Separated_Dataset\train\Bad_Weld\SampleV2_2_mp4-11_jpg.rf.21f36ff868a3945fa353948bd0a7314f.jpg
SampleV2_2_mp4-11_jpg.rf.3a6377c2d72912b0e46050bec0157d20.jpg,Separated_Dataset\train\Bad_Weld\SampleV2_2_mp4-11_jpg.rf.3a6377c2d72912b0e46050bec0157d20.jpg
SampleV2_2_mp4-12_jpg.rf.7b2a980f45f9cc8efae97ad708530991.jpg,Separated_Dataset\train\Bad_Weld\SampleV2_2_mp4-12_jpg.rf.7b2a980f45f9cc8efae97ad708530991.jpg
SampleV2_2_mp4-13_jpg.rf.0bf23b37082218c044b7ef3036cf8903.jpg,Separated_Dataset\train\Bad_Weld\SampleV2_2_mp4-13_jpg.rf.0bf23b37082218c044b7ef3036cf8903.jpg
SampleV2_2_mp4-13_jpg.rf.3d1ac45fdc0c8db34ca380c6a94c818e.jpg,Separated_Dataset\train\Bad_Weld\SampleV2_2_mp4-13_jpg.rf.3d1ac45fdc0c8db34ca380c6a94c818e.jpg
SampleV2_2_mp4-13_jpg.rf.bcd178ae946ce9618fe3814796ff530c.jpg,Separated_Dataset\train\Bad_Weld\SampleV2_2_mp4-13_jpg.rf.bcd178ae946ce9618fe3814796ff530c.jpg
SampleV2_2_mp4-17_jpg.rf.35259991f7e7c0f7b07bbead319b7d4c.jpg,Separated_Dataset\train\Bad_Weld\SampleV2_2_mp4-17_jpg.rf.35259991f7e7c0f7b07bbead319b7d4c.jpg
SampleV2_2_mp4-18_jpg.rf.2926498414807711f5facdbe21efbd86.jpg,Separated_Dataset\train\Bad_Weld\SampleV2_2_mp4-18_jpg.rf.2926498414807711f5facdbe21efbd86.jpg
SampleV2_2_mp4-19_jpg.rf.269d8449162c64de8fa4f600b76511fa.jpg,Separated_Dataset\train\Bad_Weld\SampleV2_2_mp4-19_jpg.rf.269d8449162c64de8fa4f600b76511fa.jpg
SampleV2_2_mp4-19_jpg.rf.47e3f66b2cedaa4b7f2f0a521cd5e3d9.jpg,Separated_Dataset\train\Bad_Weld\SampleV2_2_mp4-19_jpg.rf.47e3f66b2cedaa4b7f2f0a521cd5e3d9.jpg
SampleV2_2_mp4-19_jpg.rf.c394fa1faabf68afbfdf70a1a00531ba.jpg,Separated_Dataset\train\Bad_Weld\SampleV2_2_mp4-19_jpg.rf.c394fa1faabf68afbfdf70a1a00531ba.jpg
SampleV2_2_mp4-21_jpg.rf.4ada45a29cd19af9ee9967f66576fb81.jpg,Separated_Dataset\train\Bad_Weld\SampleV2_2_mp4-21_jpg.rf.4ada45a29cd19af9ee9967f66576fb81.jpg
SampleV2_2_mp4-22_jpg.rf.a6cda73f903c523996be65fd21a78dc8.jpg,Separated_Dataset\train\Bad_Weld\SampleV2_2_mp4-22_jpg.rf.a6cda73f903c523996be65fd21a78dc8.jpg
SampleV2_2_mp4-23_jpg.rf.39bb6cd62a656ea6619ab2208815cd5f.jpg,Separated_Dataset\train\Bad_Weld\SampleV2_2_mp4-23_jpg.rf.39bb6cd62a656ea6619ab2208815cd5f.jpg
SampleV2_2_mp4-23_jpg.rf.f103584282d0add2b7fffbd5b7ff8732.jpg,Separated_Dataset\train\Bad_Weld\SampleV2_2_mp4-23_jpg.rf.f103584282d0add2b7fffbd5b7ff8732.jpg
SampleV2_2_mp4-24_jpg.rf.0909700c29763d6bbe0f3e7df949475b.jpg,Separated_Dataset\train\Bad_Weld\SampleV2_2_mp4-24_jpg.rf.0909700c29763d6bbe0f3e7df949475b.jpg
SampleV2_2_mp4-29_jpg.rf.007aed13dd27625d23d5211ae4956a69.jpg,Separated_Dataset\train\Bad_Weld\SampleV2_2_mp4-29_jpg.rf.007aed13dd27625d23d5211ae4956a69.jpg
SampleV2_2_mp4-2_jpg.rf.1d47dd9e09b6be06e16083bdf0937ece.jpg,Separated_Dataset\train\Bad_Weld\SampleV2_2_mp4-2_jpg.rf.1d47dd9e09b6be06e16083bdf0937ece.jpg
SampleV2_2_mp4-2_jpg.rf.e950098b246d7b2102aaf2a7c95fff09.jpg,Separated_Dataset\train\Bad_Weld\SampleV2_2_mp4-2_jpg.rf.e950098b246d7b2102aaf2a7c95fff09.jpg
SampleV2_2_mp4-31_jpg.rf.002809bb84ba22233730d8043ccdbe36.jpg,Separated_Dataset\train\Bad_Weld\SampleV2_2_mp4-31_jpg.rf.002809bb84ba22233730d8043ccdbe36.jpg
SampleV2_2_mp4-36_jpg.rf.99fd1a1a8520b5d74c7abe6e6878881c.jpg,Separated_Dataset\train\Bad_Weld\SampleV2_2_mp4-36_jpg.rf.99fd1a1a8520b5d74c7abe6e6878881c.jpg
SampleV2_2_mp4-36_jpg.rf.baddfe3e61e9d387663b80a5e6880c9c.jpg,Separated_Dataset\train\Bad_Weld\SampleV2_2_mp4-36_jpg.rf.baddfe3e61e9d387663b80a5e6880c9c.jpg
SampleV2_2_mp4-37_jpg.rf.09e49c3792754c632cc440db27930a01.jpg,Separated_Dataset\train\Bad_Weld\SampleV2_2_mp4-37_jpg.rf.09e49c3792754c632cc440db27930a01.jpg
SampleV2_2_mp4-37_jpg.rf.ea661b0b7ac78798a231aebdeb9f1a0f.jpg,Separated_Dataset\train\Bad_Weld\SampleV2_2_mp4-37_jpg.rf.ea661b0b7ac78798a231aebdeb9f1a0f.jpg
SampleV2_2_mp4-38_jpg.rf.1f256acba76f4912e47fe1826ee26005.jpg,Separated_Dataset\train\Bad_Weld\SampleV2_2_mp4-38_jpg.rf.1f256acba76f4912e47fe1826ee26005.jpg
SampleV2_2_mp4-39_jpg.rf.e18c2b9f47afa039f3f2fee002312552.jpg,Separated_Dataset\train\Bad_Weld\SampleV2_2_mp4-39_jpg.rf.e18c2b9f47afa039f3f2fee002312552.jpg
SampleV2_2_mp4-40_jpg.rf.7670553c244a02b7d51c56f0977889c2.jpg,Separated_Dataset\train\Bad_Weld\SampleV2_2_mp4-40_jpg.rf.7670553c244a02b7d51c56f0977889c2.jpg
SampleV2_2_mp4-40_jpg.rf.964f6de880af9b3243cc97843388b942.jpg,Separated_Dataset\train\Bad_Weld\SampleV2_2_mp4-40_jpg.rf.964f6de880af9b3243cc97843388b942.jpg
SampleV2_2_mp4-41_jpg.rf.11723cbbedb5e2084538df1ac16e5645.jpg,Separated_Dataset\train\Bad_Weld\SampleV2_2_mp4-41_jpg.rf.11723cbbedb5e2084538df1ac16e5645.jpg
SampleV2_2_mp4-42_jpg.rf.3f90591f97f4acc4660911c244be3e86.jpg,Separated_Dataset\train\Bad_Weld\SampleV2_2_mp4-42_jpg.rf.3f90591f97f4acc4660911c244be3e86.jpg
SampleV2_2_mp4-44_jpg.rf.015eeb26f5fd8e0247a3a6b326d23ad2.jpg,Separated_Dataset\train\Bad_Weld\SampleV2_2_mp4-44_jpg.rf.015eeb26f5fd8e0247a3a6b326d23ad2.jpg
SampleV2_2_mp4-44_jpg.rf.805bd91b0b0f38814bc28aac51f3571f.jpg,Separated_Dataset\train\Bad_Weld\SampleV2_2_mp4-44_jpg.rf.805bd91b0b0f38814bc28aac51f3571f.jpg
SampleV2_2_mp4-45_jpg.rf.1497bce73fe2e80c8deb903a46b56913.jpg,Separated_Dataset\train\Bad_Weld\SampleV2_2_mp4-45_jpg.rf.1497bce73fe2e80c8deb903a46b56913.jpg
SampleV2_2_mp4-45_jpg.rf.f2a431b74fa4963191b4d217d68cea0c.jpg,Separated_Dataset\train\Bad_Weld\SampleV2_2_mp4-45_jpg.rf.f2a431b74fa4963191b4d217d68cea0c.jpg
SampleV2_2_mp4-47_jpg.rf.3d0bc3127259bc0cb2386dd5651ec6f8.jpg,Separated_Dataset\train\Bad_Weld\SampleV2_2_mp4-47_jpg.rf.3d0bc3127259bc0cb2386dd5651ec6f8.jpg
SampleV2_2_mp4-47_jpg.rf.ab6431be1391875ab20fa07aaeeddf8d.jpg,Separated_Dataset\train\Bad_Weld\SampleV2_2_mp4-47_jpg.rf.ab6431be1391875ab20fa07aaeeddf8d.jpg
SampleV2_2_mp4-48_jpg.rf.353108f5d58e07e32f95f6b54962ac4a.jpg,Separated_Dataset\train\Bad_Weld\SampleV2_2_mp4-48_jpg.rf.353108f5d58e07e32f95f6b54962ac4a.jpg
SampleV2_2_mp4-48_jpg.rf.7f5b1a57b05383e54e9c7c241f8fbe8d.jpg,Separated_Dataset\train\Bad_Weld\SampleV2_2_mp4-48_jpg.rf.7f5b1a57b05383e54e9c7c241f8fbe8d.jpg
SampleV2_2_mp4-4_jpg.rf.315999b5d2afbf7d6eed8c4b7b1e99c1.jpg,Separated_Dataset\train\Bad_Weld\SampleV2_2_mp4-4_jpg.rf.315999b5d2afbf7d6eed8c4b7b1e99c1.jpg
SampleV2_2_mp4-4_jpg.rf.3f5c5f58f48fea1a842b9c8646e2cd74.jpg,Separated_Dataset\train\Bad_Weld\SampleV2_2_mp4-4_jpg.rf.3f5c5f58f48fea1a842b9c8646e2cd74.jpg
SampleV2_2_mp4-51_jpg.rf.000b007ccaed40b69a6b8331bed8e25d.jpg,Separated_Dataset\train\Bad_Weld\SampleV2_2_mp4-51_jpg.rf.000b007ccaed40b69a6b8331bed8e25d.jpg
SampleV2_2_mp4-51_jpg.rf.258988e3d156d62532c64fc0766ce9ae.jpg,Separated_Dataset\train\Bad_Weld\SampleV2_2_mp4-51_jpg.rf.258988e3d156d62532c64fc0766ce9ae.jpg
SampleV2_2_mp4-51_jpg.rf.6adee7c47db55f0e1f38fd82d4ea2571.jpg,Separated_Dataset\train\Bad_Weld\SampleV2_2_mp4-51_jpg.rf.6adee7c47db55f0e1f38fd82d4ea2571.jpg
SampleV2_2_mp4-55_jpg.rf.af2fc436476b932b83d23da4936cde6b.jpg,Separated_Dataset\train\Bad_Weld\SampleV2_2_mp4-55_jpg.rf.af2fc436476b932b83d23da4936cde6b.jpg
SampleV2_2_mp4-58_jpg.rf.1b4eafe16ec5b7b16c57c2a294393c2d.jpg,Separated_Dataset\train\Bad_Weld\SampleV2_2_mp4-58_jpg.rf.1b4eafe16ec5b7b16c57c2a294393c2d.jpg
SampleV2_2_mp4-58_jpg.rf.6ee89e6fb0d35f6ac1f5fb3cfb8aa3f2.jpg,Separated_Dataset\train\Bad_Weld\SampleV2_2_mp4-58_jpg.rf.6ee89e6fb0d35f6ac1f5fb3cfb8aa3f2.jpg
SampleV2_2_mp4-59_jpg.rf.5e6543b79b7abac05cf8005d24f61eb5.jpg,Separated_Dataset\train\Bad_Weld\SampleV2_2_mp4-59_jpg.rf.5e6543b79b7abac05cf8005d24f61eb5.jpg
SampleV2_2_mp4-5_jpg.rf.26e9c5494ea5752d078eeb3c4c312f77.jpg,Separated_Dataset\train\Bad_Weld\SampleV2_2_mp4-5_jpg.rf.26e9c5494ea5752d078eeb3c4c312f77.jpg
SampleV2_2_mp4-5_jpg.rf.acc6416dfd26963fa5d9f2547a35b4ed.jpg,Separated_Dataset\train\Bad_Weld\SampleV2_2_mp4-5_jpg.rf.acc6416dfd26963fa5d9f2547a35b4ed.jpg
SampleV2_2_mp4-62_jpg.rf.0132d9273de528013d27bd4ab191cbc6.jpg,Separated_Dataset\train\Bad_Weld\SampleV2_2_mp4-62_jpg.rf.0132d9273de528013d27bd4ab191cbc6.jpg
SampleV2_2_mp4-63_jpg.rf.52a0b8a087e189293aa4b3e3e19900b8.jpg,Separated_Dataset\train\Bad_Weld\SampleV2_2_mp4-63_jpg.rf.52a0b8a087e189293aa4b3e3e19900b8.jpg
SampleV2_2_mp4-63_jpg.rf.98d23e3464e1e5636cbf592e7c74b19c.jpg,Separated_Dataset\train\Bad_Weld\SampleV2_2_mp4-63_jpg.rf.98d23e3464e1e5636cbf592e7c74b19c.jpg
SampleV2_2_mp4-63_jpg.rf.edb52f333ea2cf6dc01b0f65ec49b510.jpg,Separated_Dataset\train\Bad_Weld\SampleV2_2_mp4-63_jpg.rf.edb52f333ea2cf6dc01b0f65ec49b510.jpg
SampleV2_2_mp4-65_jpg.rf.7ffffcea3ecf4600b26137e402f0700e.jpg,Separated_Dataset\train\Bad_Weld\SampleV2_2_mp4-65_jpg.rf.7ffffcea3ecf4600b26137e402f0700e.jpg
SampleV2_2_mp4-66_jpg.rf.689cd96d39fa7e235d889fbf601be50b.jpg,Separated_Dataset\train\Bad_Weld\SampleV2_2_mp4-66_jpg.rf.689cd96d39fa7e235d889fbf601be50b.jpg
SampleV2_2_mp4-67_jpg.rf.6acd43a0bd1d4c22fc037201a7e01c73.jpg,Separated_Dataset\train\Bad_Weld\SampleV2_2_mp4-67_jpg.rf.6acd43a0bd1d4c22fc037201a7e01c73.jpg
SampleV2_2_mp4-69_jpg.rf.1b8b327d58511b246825ad6b23bb7653.jpg,Separated_Dataset\train\Bad_Weld\SampleV2_2_mp4-69_jpg.rf.1b8b327d58511b246825ad6b23bb7653.jpg
SampleV2_2_mp4-69_jpg.rf.77e000c280ec73c0ebc4bc4964bd917e.jpg,Separated_Dataset\train\Bad_Weld\SampleV2_2_mp4-69_jpg.rf.77e000c280ec73c0ebc4bc4964bd917e.jpg
SampleV2_2_mp4-69_jpg.rf.a59bd9a6dfeb996a2f02343efddd47e0.jpg,Separated_Dataset\train\Bad_Weld\SampleV2_2_mp4-69_jpg.rf.a59bd9a6dfeb996a2f02343efddd47e0.jpg
SampleV2_2_mp4-6_jpg.rf.221a068aaf4b182c0a9da0791a8220d1.jpg,Separated_Dataset\train\Bad_Weld\SampleV2_2_mp4-6_jpg.rf.221a068aaf4b182c0a9da0791a8220d1.jpg
SampleV2_2_mp4-71_jpg.rf.de0eaa495c44a7817fab26c6c6277796.jpg,Separated_Dataset\train\Bad_Weld\SampleV2_2_mp4-71_jpg.rf.de0eaa495c44a7817fab26c6c6277796.jpg
SampleV2_2_mp4-7_jpg.rf.3690da6d699c1d0de27cd26ecdb57d65.jpg,Separated_Dataset\train\Bad_Weld\SampleV2_2_mp4-7_jpg.rf.3690da6d699c1d0de27cd26ecdb57d65.jpg
SampleV2_2_mp4-7_jpg.rf.efd8ac161a37867b822867b4103c049c.jpg,Separated_Dataset\train\Bad_Weld\SampleV2_2_mp4-7_jpg.rf.efd8ac161a37867b822867b4103c049c.jpg
SampleV2_2_mp4-82_jpg.rf.2385f8c90842ec83b65a9537b60a943c.jpg,Separated_Dataset\train\Bad_Weld\SampleV2_2_mp4-82_jpg.rf.2385f8c90842ec83b65a9537b60a943c.jpg
SampleV2_2_mp4-82_jpg.rf.5c793874c1c522fb604ffe086dd48c18.jpg,Separated_Dataset\train\Bad_Weld\SampleV2_2_mp4-82_jpg.rf.5c793874c1c522fb604ffe086dd48c18.jpg
SampleV2_2_mp4-8_jpg.rf.1e4ac41f47d0c944b21fa8aad57ecd20.jpg,Separated_Dataset\train\Bad_Weld\SampleV2_2_mp4-8_jpg.rf.1e4ac41f47d0c944b21fa8aad57ecd20.jpg
SampleV2_2_mp4-90_jpg.rf.31d99fa8feb1bdbb37559abd5712e7e3.jpg,Separated_Dataset\train\Bad_Weld\SampleV2_2_mp4-90_jpg.rf.31d99fa8feb1bdbb37559abd5712e7e3.jpg
SampleV2_2_mp4-90_jpg.rf.9d693a468551833bb7789beb6c107adb.jpg,Separated_Dataset\train\Bad_Weld\SampleV2_2_mp4-90_jpg.rf.9d693a468551833bb7789beb6c107adb.jpg
SampleV2_2_mp4-91_jpg.rf.2938c566668c2ef3c5b9a23f7b147706.jpg,Separated_Dataset\train\Bad_Weld\SampleV2_2_mp4-91_jpg.rf.2938c566668c2ef3c5b9a23f7b147706.jpg
SampleV2_2_mp4-91_jpg.rf.60bf83b6bfc59ed4c9eff31b247aa904.jpg,Separated_Dataset\train\Bad_Weld\SampleV2_2_mp4-91_jpg.rf.60bf83b6bfc59ed4c9eff31b247aa904.jpg
SampleV2_2_mp4-93_jpg.rf.0bbb3fd5ce05cb5d22781b487b4219c3.jpg,Separated_Dataset\train\Bad_Weld\SampleV2_2_mp4-93_jpg.rf.0bbb3fd5ce05cb5d22781b487b4219c3.jpg
SampleV2_2_mp4-93_jpg.rf.358135af996df48bf673746eca0a21a2.jpg,Separated_Dataset\train\Bad_Weld\SampleV2_2_mp4-93_jpg.rf.358135af996df48bf673746eca0a21a2.jpg
SampleV2_2_mp4-94_jpg.rf.3692b22340e867143b8ee494cf5ec9f7.jpg,Separated_Dataset\train\Bad_Weld\SampleV2_2_mp4-94_jpg.rf.3692b22340e867143b8ee494cf5ec9f7.jpg
SampleV2_2_mp4-96_jpg.rf.3c9aea3fe5b22082162c5e020ed4c9b4.jpg,Separated_Dataset\train\Bad_Weld\SampleV2_2_mp4-96_jpg.rf.3c9aea3fe5b22082162c5e020ed4c9b4.jpg
SampleV2_2_mp4-96_jpg.rf.8902c90efd61adcedc3b1fd9b5a02771.jpg,Separated_Dataset\train\Bad_Weld\SampleV2_2_mp4-96_jpg.rf.8902c90efd61adcedc3b1fd9b5a02771.jpg
SampleV2_2_mp4-97_jpg.rf.404c2c90e794d28952b8ce1995183cfe.jpg,Separated_Dataset\train\Bad_Weld\SampleV2_2_mp4-97_jpg.rf.404c2c90e794d28952b8ce1995183cfe.jpg
SampleV2_2_mp4-97_jpg.rf.82d00de98064c691c7f67ba54cb004f4.jpg,Separated_Dataset\train\Bad_Weld\SampleV2_2_mp4-97_jpg.rf.82d00de98064c691c7f67ba54cb004f4.jpg
SampleV2_2_mp4-98_jpg.rf.83b6e5f3fa68582da8fe9db065a00a98.jpg,Separated_Dataset\train\Bad_Weld\SampleV2_2_mp4-98_jpg.rf.83b6e5f3fa68582da8fe9db065a00a98.jpg
SampleV2_2_mp4-99_jpg.rf.3f5fd4fee644ce7a5cf894ee5b4de482.jpg,Separated_Dataset\train\Bad_Weld\SampleV2_2_mp4-99_jpg.rf.3f5fd4fee644ce7a5cf894ee5b4de482.jpg
SampleV2_2_mp4-9_jpg.rf.23c189ac03685977e25545fa5d1744cc.jpg,Separated_Dataset\train\Bad_Weld\SampleV2_2_mp4-9_jpg.rf.23c189ac03685977e25545fa5d1744cc.jpg
SampleV2_2_mp4-9_jpg.rf.4db82495cd2e008b22dfa12c4920f530.jpg,Separated_Dataset\train\Bad_Weld\SampleV2_2_mp4-9_jpg.rf.4db82495cd2e008b22dfa12c4920f530.jpg
SampleV3_1_mp4-14_jpg.rf.7567ac09e6496d1127838b51f73cff54.jpg,Separated_Dataset\train\Bad_Weld\SampleV3_1_mp4-14_jpg.rf.7567ac09e6496d1127838b51f73cff54.jpg
SampleV3_1_mp4-16_jpg.rf.91461daf9e83902fdd74c5b7a048f94f.jpg,Separated_Dataset\train\Bad_Weld\SampleV3_1_mp4-16_jpg.rf.91461daf9e83902fdd74c5b7a048f94f.jpg
SampleV3_1_mp4-1_jpg.rf.2f7394697deb484ebc6d87a70c2020ab.jpg,Separated_Dataset\train\Bad_Weld\SampleV3_1_mp4-1_jpg.rf.2f7394697deb484ebc6d87a70c2020ab.jpg
SampleV3_1_mp4-1_jpg.rf.7c113cf86807871998cc55e1522a02fe.jpg,Separated_Dataset\train\Bad_Weld\SampleV3_1_mp4-1_jpg.rf.7c113cf86807871998cc55e1522a02fe.jpg
SampleV3_1_mp4-23_jpg.rf.03be4a7446552031c8df93ee063b6c7e.jpg,Separated_Dataset\train\Bad_Weld\SampleV3_1_mp4-23_jpg.rf.03be4a7446552031c8df93ee063b6c7e.jpg
SampleV3_1_mp4-24_jpg.rf.017f90fdc7b6c9677febabbd168597fb.jpg,Separated_Dataset\train\Bad_Weld\SampleV3_1_mp4-24_jpg.rf.017f90fdc7b6c9677febabbd168597fb.jpg
SampleV3_1_mp4-25_jpg.rf.3ec0e20310570ce13ea98c8f0d94801b.jpg,Separated_Dataset\train\Bad_Weld\SampleV3_1_mp4-25_jpg.rf.3ec0e20310570ce13ea98c8f0d94801b.jpg
SampleV3_1_mp4-28_jpg.rf.7aae71cb3a72b29a881fff302206ab66.jpg,Separated_Dataset\train\Bad_Weld\SampleV3_1_mp4-28_jpg.rf.7aae71cb3a72b29a881fff302206ab66.jpg
SampleV3_1_mp4-32_jpg.rf.0a83be4db1e71b6884d24883e28aaebc.jpg,Separated_Dataset\train\Bad_Weld\SampleV3_1_mp4-32_jpg.rf.0a83be4db1e71b6884d24883e28aaebc.jpg
SampleV3_1_mp4-35_jpg.rf.52c4d9f2943256ab23aef9a958364427.jpg,Separated_Dataset\train\Bad_Weld\SampleV3_1_mp4-35_jpg.rf.52c4d9f2943256ab23aef9a958364427.jpg
SampleV3_1_mp4-36_jpg.rf.1003f5215d03a8af40f8ba55eb2ad45a.jpg,Separated_Dataset\train\Bad_Weld\SampleV3_1_mp4-36_jpg.rf.1003f5215d03a8af40f8ba55eb2ad45a.jpg
SampleV3_1_mp4-37_jpg.rf.664ef0b7b11e099bf7d8af7e9e41435d.jpg,Separated_Dataset\train\Bad_Weld\SampleV3_1_mp4-37_jpg.rf.664ef0b7b11e099bf7d8af7e9e41435d.jpg
SampleV3_1_mp4-38_jpg.rf.246791eb613ccd15977ebf22fd0afd05.jpg,Separated_Dataset\train\Bad_Weld\SampleV3_1_mp4-38_jpg.rf.246791eb613ccd15977ebf22fd0afd05.jpg
SampleV3_1_mp4-38_jpg.rf.73a0c38a8adb97625efe800d1f3446fa.jpg,Separated_Dataset\train\Bad_Weld\SampleV3_1_mp4-38_jpg.rf.73a0c38a8adb97625efe800d1f3446fa.jpg
SampleV3_1_mp4-38_jpg.rf.a7462621af8e3971b4546ed3baa4bbbd.jpg,Separated_Dataset\train\Bad_Weld\SampleV3_1_mp4-38_jpg.rf.a7462621af8e3971b4546ed3baa4bbbd.jpg
SampleV3_1_mp4-40_jpg.rf.4c85ba9a2e1a8fcaa269e33f3ce2060c.jpg,Separated_Dataset\train\Bad_Weld\SampleV3_1_mp4-40_jpg.rf.4c85ba9a2e1a8fcaa269e33f3ce2060c.jpg
SampleV3_1_mp4-40_jpg.rf.d1b2ba90700746a697ed62fbf97c0d2a.jpg,Separated_Dataset\train\Bad_Weld\SampleV3_1_mp4-40_jpg.rf.d1b2ba90700746a697ed62fbf97c0d2a.jpg
SampleV3_1_mp4-41_jpg.rf.87914419aaf696df94008322d62d2372.jpg,Separated_Dataset\train\Bad_Weld\SampleV3_1_mp4-41_jpg.rf.87914419aaf696df94008322d62d2372.jpg
SampleV3_1_mp4-44_jpg.rf.29b09b1c8a7084bc5d750801db68e928.jpg,Separated_Dataset\train\Bad_Weld\SampleV3_1_mp4-44_jpg.rf.29b09b1c8a7084bc5d750801db68e928.jpg
SampleV3_1_mp4-44_jpg.rf.3426e630a0eed8afee7508e781f57b85.jpg,Separated_Dataset\train\Bad_Weld\SampleV3_1_mp4-44_jpg.rf.3426e630a0eed8afee7508e781f57b85.jpg
SampleV3_1_mp4-46_jpg.rf.0536fecee4e89cb7f93e07df21bb3d89.jpg,Separated_Dataset\train\Bad_Weld\SampleV3_1_mp4-46_jpg.rf.0536fecee4e89cb7f93e07df21bb3d89.jpg
SampleV3_1_mp4-46_jpg.rf.de82f219bb2457e7272c84106ceb2f6b.jpg,Separated_Dataset\train\Bad_Weld\SampleV3_1_mp4-46_jpg.rf.de82f219bb2457e7272c84106ceb2f6b.jpg
SampleV3_1_mp4-47_jpg.rf.4718fae7683436bc42648381581f4534.jpg,Separated_Dataset\train\Bad_Weld\SampleV3_1_mp4-47_jpg.rf.4718fae7683436bc42648381581f4534.jpg
SampleV3_1_mp4-47_jpg.rf.b51bcf4832fa0c497429d7c245f2753e.jpg,Separated_Dataset\train\Bad_Weld\SampleV3_1_mp4-47_jpg.rf.b51bcf4832fa0c497429d7c245f2753e.jpg
SampleV3_1_mp4-49_jpg.rf.767fc2e943429514ad9c760acda0b5ca.jpg,Separated_Dataset\train\Bad_Weld\SampleV3_1_mp4-49_jpg.rf.767fc2e943429514ad9c760acda0b5ca.jpg
SampleV3_1_mp4-50_jpg.rf.5a367e6d492cd43c4a8627799b654370.jpg,Separated_Dataset\train\Bad_Weld\SampleV3_1_mp4-50_jpg.rf.5a367e6d492cd43c4a8627799b654370.jpg
SampleV3_1_mp4-52_jpg.rf.4f1d725945f57c6b5e8ae8fdc697b4db.jpg,Separated_Dataset\train\Bad_Weld\SampleV3_1_mp4-52_jpg.rf.4f1d725945f57c6b5e8ae8fdc697b4db.jpg
SampleV3_1_mp4-53_jpg.rf.14917979cc87404b12885920c70d016a.jpg,Separated_Dataset\train\Bad_Weld\SampleV3_1_mp4-53_jpg.rf.14917979cc87404b12885920c70d016a.jpg
SampleV3_1_mp4-53_jpg.rf.b44a68caceb7b5393470a8e65bbcea6e.jpg,Separated_Dataset\train\Bad_Weld\SampleV3_1_mp4-53_jpg.rf.b44a68caceb7b5393470a8e65bbcea6e.jpg
SampleV3_1_mp4-53_jpg.rf.e8dd45774cfe7d22d173699d066c80e4.jpg,Separated_Dataset\train\Bad_Weld\SampleV3_1_mp4-53_jpg.rf.e8dd45774cfe7d22d173699d066c80e4.jpg
SampleV3_1_mp4-54_jpg.rf.0da4f4f03a4a70dc185a1ae7addb4d9c.jpg,Separated_Dataset\train\Bad_Weld\SampleV3_1_mp4-54_jpg.rf.0da4f4f03a4a70dc185a1ae7addb4d9c.jpg
SampleV3_1_mp4-54_jpg.rf.d75414b93332cb08271940d0636f01ed.jpg,Separated_Dataset\train\Bad_Weld\SampleV3_1_mp4-54_jpg.rf.d75414b93332cb08271940d0636f01ed.jpg
SampleV3_1_mp4-54_jpg.rf.f1222c7116ae1a11f171ef51de0c842b.jpg,Separated_Dataset\train\Bad_Weld\SampleV3_1_mp4-54_jpg.rf.f1222c7116ae1a11f171ef51de0c842b.jpg
SampleV3_2_mp4-1_jpg.rf.172388ee0673c075987975c7600bedfd.jpg,Separated_Dataset\train\Bad_Weld\SampleV3_2_mp4-1_jpg.rf.172388ee0673c075987975c7600bedfd.jpg
SampleV3_2_mp4-24_jpg.rf.444e118cc02d71b7b5c7ec0b1ca6f1b4.jpg,Separated_Dataset\train\Bad_Weld\SampleV3_2_mp4-24_jpg.rf.444e118cc02d71b7b5c7ec0b1ca6f1b4.jpg
SampleV3_2_mp4-24_jpg.rf.56fc6806523556e53b86b474713af086.jpg,Separated_Dataset\train\Bad_Weld\SampleV3_2_mp4-24_jpg.rf.56fc6806523556e53b86b474713af086.jpg
SampleV3_2_mp4-25_jpg.rf.8a26a715561d1e0ba74f8cf23cfce69d.jpg,Separated_Dataset\train\Bad_Weld\SampleV3_2_mp4-25_jpg.rf.8a26a715561d1e0ba74f8cf23cfce69d.jpg
SampleV3_2_mp4-26_jpg.rf.354712324b91c3acddf1a180dfd6f36e.jpg,Separated_Dataset\train\Bad_Weld\SampleV3_2_mp4-26_jpg.rf.354712324b91c3acddf1a180dfd6f36e.jpg
SampleV3_2_mp4-28_jpg.rf.0637f7f6198888fdb7ee2128d85359c0.jpg,Separated_Dataset\train\Bad_Weld\SampleV3_2_mp4-28_jpg.rf.0637f7f6198888fdb7ee2128d85359c0.jpg
SampleV3_2_mp4-29_jpg.rf.1116bea12045d717b81464158b16f95e.jpg,Separated_Dataset\train\Bad_Weld\SampleV3_2_mp4-29_jpg.rf.1116bea12045d717b81464158b16f95e.jpg
SampleV3_2_mp4-2_jpg.rf.f673f3917f7d15f03110e853f63696dc.jpg,Separated_Dataset\train\Bad_Weld\SampleV3_2_mp4-2_jpg.rf.f673f3917f7d15f03110e853f63696dc.jpg
SampleV3_2_mp4-30_jpg.rf.22b145b98bb4d0f6b6ab73597ad2b255.jpg,Separated_Dataset\train\Bad_Weld\SampleV3_2_mp4-30_jpg.rf.22b145b98bb4d0f6b6ab73597ad2b255.jpg
SampleV3_2_mp4-30_jpg.rf.40135d70f9700c56723b67c855e25388.jpg,Separated_Dataset\train\Bad_Weld\SampleV3_2_mp4-30_jpg.rf.40135d70f9700c56723b67c855e25388.jpg
SampleV3_2_mp4-30_jpg.rf.59b96c0c4cd51f7f78e606043d546dcb.jpg,Separated_Dataset\train\Bad_Weld\SampleV3_2_mp4-30_jpg.rf.59b96c0c4cd51f7f78e606043d546dcb.jpg
SampleV3_2_mp4-8_jpg.rf.1cfb744189671904ae8a989ef254933c.jpg,Separated_Dataset\train\Bad_Weld\SampleV3_2_mp4-8_jpg.rf.1cfb744189671904ae8a989ef254933c.jpg
SampleV3_2_mp4-8_jpg.rf.82c72302198c9a4fa0f3f34720df1b0a.jpg,Separated_Dataset\train\Bad_Weld\SampleV3_2_mp4-8_jpg.rf.82c72302198c9a4fa0f3f34720df1b0a.jpg
Screenshot-2022-12-05-230019_jpeg.rf.45212b496c62c11e4f0f5af871ac5874.jpg,Separated_Dataset\train\Bad_Weld\Screenshot-2022-12-05-230019_jpeg.rf.45212b496c62c11e4f0f5af871ac5874.jpg
Screenshot-2022-12-05-230019_jpeg.rf.c21508447041880e5a6f66cf4d36d748.jpg,Separated_Dataset\train\Bad_Weld\Screenshot-2022-12-05-230019_jpeg.rf.c21508447041880e5a6f66cf4d36d748.jpg
Screenshot-2022-12-05-230019_jpeg_jpg.rf.00d0a6f6ef7efd17bac5fd8def3d3206.jpg,Separated_Dataset\train\Bad_Weld\Screenshot-2022-12-05-230019_jpeg_jpg.rf.00d0a6f6ef7efd17bac5fd8def3d3206.jpg
Slag-inclusion-welding-images_10_jpeg_jpg.rf.fabe6926703c8e26c2bd865286c3beb3.jpg,Separated_Dataset\train\Bad_Weld\Slag-inclusion-welding-images_10_jpeg_jpg.rf.fabe6926703c8e26c2bd865286c3beb3.jpg
Spatters-welding-images_10_jpeg.rf.226d72c81b5e151612c9795dabdefb1f.jpg,Separated_Dataset\train\Bad_Weld\Spatters-welding-images_10_jpeg.rf.226d72c81b5e151612c9795dabdefb1f.jpg
Spatters-welding-images_12_jpeg.rf.b8e4c4cf1591ee8a171d4cbad6c6cc62.jpg,Separated_Dataset\train\Bad_Weld\Spatters-welding-images_12_jpeg.rf.b8e4c4cf1591ee8a171d4cbad6c6cc62.jpg
Spatters-welding-images_12_jpeg.rf.bec3bf4078f5c6cd33a52e70c5191e77.jpg,Separated_Dataset\train\Bad_Weld\Spatters-welding-images_12_jpeg.rf.bec3bf4078f5c6cd33a52e70c5191e77.jpg
Spatters-welding-images_20_jpeg.rf.a22cf567f9f4a000618175f38dc1b1ee.jpg,Separated_Dataset\train\Bad_Weld\Spatters-welding-images_20_jpeg.rf.a22cf567f9f4a000618175f38dc1b1ee.jpg
Spatters-welding-images_20_jpeg_jpg.rf.0b96970740192ac288746d8fab587754.jpg,Separated_Dataset\train\Bad_Weld\Spatters-welding-images_20_jpeg_jpg.rf.0b96970740192ac288746d8fab587754.jpg
weld-defect-work-was-carried-out-using-semi-automatic-arc-welding-mig-welding-weld-defect-work-was-carried-out-using-semi-242005547_jpeg.rf.db4f03c31a932fca6b992692945d293e.jpg,Separated_Dataset\train\Bad_Weld\weld-defect-work-was-carried-out-using-semi-automatic-arc-welding-mig-welding-weld-defect-work-was-carried-out-using-semi-242005547_jpeg.rf.db4f03c31a932fca6b992692945d293e.jpg
weld-defect-work-was-carried-out-using-semi-automatic-arc-welding-mig-welding-weld-defect-work-was-carried-out-using-semi-242005547_jpeg.rf.f85440467a22de16fdcc979ce79f2d47.jpg,Separated_Dataset\train\Bad_Weld\weld-defect-work-was-carried-out-using-semi-automatic-arc-welding-mig-welding-weld-defect-work-was-carried-out-using-semi-242005547_jpeg.rf.f85440467a22de16fdcc979ce79f2d47.jpg
weld-defect-work-was-carried-out-using-semi-automatic-arc-welding-mig-welding-weld-defect-work-was-carried-out-using-semi-242005547_jpeg_jpg.rf.5b80912213d03eaa20bd37dd076d2ff5.jpg,Separated_Dataset\train\Bad_Weld\weld-defect-work-was-carried-out-using-semi-automatic-arc-welding-mig-welding-weld-defect-work-was-carried-out-using-semi-242005547_jpeg_jpg.rf.5b80912213d03eaa20bd37dd076d2ff5.jpg
bad_weld_vid260_jpeg.rf.4780b7d712ce3cefbc37e339f91bc46c.jpg,Separated_Dataset\valid\Bad_Weld\bad_weld_vid260_jpeg.rf.4780b7d712ce3cefbc37e339f91bc46c.jpg
bad_weld_vid395_jpeg_jpg.rf.29860add816c33eef305b2fc0b70611c.jpg,Separated_Dataset\valid\Bad_Weld\bad_weld_vid395_jpeg_jpg.rf.29860add816c33eef305b2fc0b70611c.jpg
bad_weld_vid400_jpeg.rf.839271725e205b8bfb2730ad7ea3cc53.jpg,Separated_Dataset\valid\Bad_Weld\bad_weld_vid400_jpeg.rf.839271725e205b8bfb2730ad7ea3cc53.jpg
bad_weld_vid401_jpeg.rf.c8a5993aee6de81c1d3a0ddf5bf5997f.jpg,Separated_Dataset\valid\Bad_Weld\bad_weld_vid401_jpeg.rf.c8a5993aee6de81c1d3a0ddf5bf5997f.jpg
bad_weld_vid402_jpeg_jpg.rf.390693d9ec1ae40b4b54462dba48ac9f.jpg,Separated_Dataset\valid\Bad_Weld\bad_weld_vid402_jpeg_jpg.rf.390693d9ec1ae40b4b54462dba48ac9f.jpg
bad_weld_vid723_jpeg.rf.ecb73ed4cae5241972d088a16840fe53.jpg,Separated_Dataset\valid\Bad_Weld\bad_weld_vid723_jpeg.rf.ecb73ed4cae5241972d088a16840fe53.jpg
bad_weld_vid723_jpeg_jpg.rf.479c95090238a00b38312a17e6c37767.jpg,Separated_Dataset\valid\Bad_Weld\bad_weld_vid723_jpeg_jpg.rf.479c95090238a00b38312a17e6c37767.jpg
crack-welding-images_12_jpeg.rf.5e6844a1b19b96db44dcc0d423b6d41f.jpg,Separated_Dataset\valid\Bad_Weld\crack-welding-images_12_jpeg.rf.5e6844a1b19b96db44dcc0d423b6d41f.jpg
crack-welding-images_12_jpeg_jpg.rf.1af4ac8caf4e2ed4ffad3c0bbf70e0c4.jpg,Separated_Dataset\valid\Bad_Weld\crack-welding-images_12_jpeg_jpg.rf.1af4ac8caf4e2ed4ffad3c0bbf70e0c4.jpg
good-stick-welds_19_png.rf.2d3c403b66b7544b943c7549efe5f1bf.jpg,Separated_Dataset\valid\Bad_Weld\good-stick-welds_19_png.rf.2d3c403b66b7544b943c7549efe5f1bf.jpg
good-stick-welds_40_jpeg.rf.02d6464767a154c7e9eb48831dd0b5cd.jpg,Separated_Dataset\valid\Bad_Weld\good-stick-welds_40_jpeg.rf.02d6464767a154c7e9eb48831dd0b5cd.jpg
good-stick-welds_40_jpeg_jpg.rf.0df4cdae3d76751da6e05881cf16abd3.jpg,Separated_Dataset\valid\Bad_Weld\good-stick-welds_40_jpeg_jpg.rf.0df4cdae3d76751da6e05881cf16abd3.jpg
imagesrttytr_jpeg_jpg.rf.114d5014cd586dee989bb0a9858f7ff1.jpg,Separated_Dataset\valid\Bad_Weld\imagesrttytr_jpeg_jpg.rf.114d5014cd586dee989bb0a9858f7ff1.jpg
imagesry4y_jpeg_jpg.rf.a0d2397191b66ddf88ec1010ad73a781.jpg,Separated_Dataset\valid\Bad_Weld\imagesry4y_jpeg_jpg.rf.a0d2397191b66ddf88ec1010ad73a781.jpg
mig-good-welds_11_jpeg.rf.f7d53cdf1deeee8d1ebb918d2788f3ee.jpg,Separated_Dataset\valid\Bad_Weld\mig-good-welds_11_jpeg.rf.f7d53cdf1deeee8d1ebb918d2788f3ee.jpg
Not-perfect-welding-images_10_jpeg_jpg.rf.938705132c676bde86605b449fbfd55e.jpg,Separated_Dataset\valid\Bad_Weld\Not-perfect-welding-images_10_jpeg_jpg.rf.938705132c676bde86605b449fbfd55e.jpg
SampleV1_1_mp4-14_jpg.rf.a63c344a8a0ff6183f314d4a5b231a71.jpg,Separated_Dataset\valid\Bad_Weld\SampleV1_1_mp4-14_jpg.rf.a63c344a8a0ff6183f314d4a5b231a71.jpg
SampleV1_1_mp4-18_jpg.rf.cddd27bcf2b930148b836f4554980319.jpg,Separated_Dataset\valid\Bad_Weld\SampleV1_1_mp4-18_jpg.rf.cddd27bcf2b930148b836f4554980319.jpg
SampleV1_1_mp4-37_jpg.rf.95083a00053d9a169b4b5f0147468a7d.jpg,Separated_Dataset\valid\Bad_Weld\SampleV1_1_mp4-37_jpg.rf.95083a00053d9a169b4b5f0147468a7d.jpg
SampleV1_1_mp4-4_jpg.rf.90a4aca54a06a2e5d7213f75c5d5fba5.jpg,Separated_Dataset\valid\Bad_Weld\SampleV1_1_mp4-4_jpg.rf.90a4aca54a06a2e5d7213f75c5d5fba5.jpg
SampleV1_1_mp4-51_jpg.rf.3d073c6b2f2d417e5492f68793ce0033.jpg,Separated_Dataset\valid\Bad_Weld\SampleV1_1_mp4-51_jpg.rf.3d073c6b2f2d417e5492f68793ce0033.jpg
SampleV1_1_mp4-54_jpg.rf.1c796a2e06811dea4be419e80956f270.jpg,Separated_Dataset\valid\Bad_Weld\SampleV1_1_mp4-54_jpg.rf.1c796a2e06811dea4be419e80956f270.jpg
SampleV1_2_mp4-35_jpg.rf.112706bdf7b84566f9b8fa03084da685.jpg,Separated_Dataset\valid\Bad_Weld\SampleV1_2_mp4-35_jpg.rf.112706bdf7b84566f9b8fa03084da685.jpg
SampleV1_2_mp4-41_jpg.rf.20229b120f1103fdb06ecbde078fe63f.jpg,Separated_Dataset\valid\Bad_Weld\SampleV1_2_mp4-41_jpg.rf.20229b120f1103fdb06ecbde078fe63f.jpg
SampleV2_1_mp4-19_jpg.rf.60b093f1d55ac66be3bfe89287952b36.jpg,Separated_Dataset\valid\Bad_Weld\SampleV2_1_mp4-19_jpg.rf.60b093f1d55ac66be3bfe89287952b36.jpg
SampleV2_1_mp4-26_jpg.rf.a8431cb1acce1c55d32861c982c2a16a.jpg,Separated_Dataset\valid\Bad_Weld\SampleV2_1_mp4-26_jpg.rf.a8431cb1acce1c55d32861c982c2a16a.jpg
SampleV2_1_mp4-28_jpg.rf.1135f8b80048837cc4940c2efbb856b9.jpg,Separated_Dataset\valid\Bad_Weld\SampleV2_1_mp4-28_jpg.rf.1135f8b80048837cc4940c2efbb856b9.jpg
SampleV2_1_mp4-45_jpg.rf.c87e632bdc4ec4a94271b4eaa6b1a9e0.jpg,Separated_Dataset\valid\Bad_Weld\SampleV2_1_mp4-45_jpg.rf.c87e632bdc4ec4a94271b4eaa6b1a9e0.jpg
SampleV2_1_mp4-58_jpg.rf.e5d60d6bc9052a6da409610cd36d4bd2.jpg,Separated_Dataset\valid\Bad_Weld\SampleV2_1_mp4-58_jpg.rf.e5d60d6bc9052a6da409610cd36d4bd2.jpg
SampleV2_1_mp4-5_jpg.rf.badd9da3a7988f268c5c9560c556f768.jpg,Separated_Dataset\valid\Bad_Weld\SampleV2_1_mp4-5_jpg.rf.badd9da3a7988f268c5c9560c556f768.jpg
SampleV2_1_mp4-82_jpg.rf.717570be58e76f0610d63e980ae5a4dd.jpg,Separated_Dataset\valid\Bad_Weld\SampleV2_1_mp4-82_jpg.rf.717570be58e76f0610d63e980ae5a4dd.jpg
SampleV2_1_mp4-91_jpg.rf.4f34106919c3af160d47423bc01eae9e.jpg,Separated_Dataset\valid\Bad_Weld\SampleV2_1_mp4-91_jpg.rf.4f34106919c3af160d47423bc01eae9e.jpg
SampleV2_1_mp4-93_jpg.rf.49924234dcc2581222ac782ef2b21389.jpg,Separated_Dataset\valid\Bad_Weld\SampleV2_1_mp4-93_jpg.rf.49924234dcc2581222ac782ef2b21389.jpg
SampleV2_1_mp4-9_jpg.rf.521adae90867d781ba8bab0b885692d7.jpg,Separated_Dataset\valid\Bad_Weld\SampleV2_1_mp4-9_jpg.rf.521adae90867d781ba8bab0b885692d7.jpg
SampleV2_2_mp4-0_jpg.rf.275b3da454b64e55ad0487ac2e0f7e48.jpg,Separated_Dataset\valid\Bad_Weld\SampleV2_2_mp4-0_jpg.rf.275b3da454b64e55ad0487ac2e0f7e48.jpg
SampleV2_2_mp4-101_jpg.rf.b5fd5a9e856ef2919a7c22033dd1cc16.jpg,Separated_Dataset\valid\Bad_Weld\SampleV2_2_mp4-101_jpg.rf.b5fd5a9e856ef2919a7c22033dd1cc16.jpg
SampleV2_2_mp4-104_jpg.rf.5ede669ef4e216cd3fac3a9064dba352.jpg,Separated_Dataset\valid\Bad_Weld\SampleV2_2_mp4-104_jpg.rf.5ede669ef4e216cd3fac3a9064dba352.jpg
SampleV2_2_mp4-105_jpg.rf.411567f9f03bbc9edd2e7593e547130a.jpg,Separated_Dataset\valid\Bad_Weld\SampleV2_2_mp4-105_jpg.rf.411567f9f03bbc9edd2e7593e547130a.jpg
SampleV2_2_mp4-106_jpg.rf.377879e04f1e7209a3aa340ccfe1084b.jpg,Separated_Dataset\valid\Bad_Weld\SampleV2_2_mp4-106_jpg.rf.377879e04f1e7209a3aa340ccfe1084b.jpg
SampleV2_2_mp4-107_jpg.rf.6246eabc13b91626965a27f1f15e66da.jpg,Separated_Dataset\valid\Bad_Weld\SampleV2_2_mp4-107_jpg.rf.6246eabc13b91626965a27f1f15e66da.jpg
SampleV2_2_mp4-16_jpg.rf.f4bbcada5f40bce4df39a976db8dc142.jpg,Separated_Dataset\valid\Bad_Weld\SampleV2_2_mp4-16_jpg.rf.f4bbcada5f40bce4df39a976db8dc142.jpg
SampleV2_2_mp4-1_jpg.rf.73ea0781472fb5d74992d45f7ca0c1fc.jpg,Separated_Dataset\valid\Bad_Weld\SampleV2_2_mp4-1_jpg.rf.73ea0781472fb5d74992d45f7ca0c1fc.jpg
SampleV2_2_mp4-20_jpg.rf.adbaddd455765d21603b4a34045f79ba.jpg,Separated_Dataset\valid\Bad_Weld\SampleV2_2_mp4-20_jpg.rf.adbaddd455765d21603b4a34045f79ba.jpg
SampleV2_2_mp4-3_jpg.rf.777e550ce73ebc75d9a55fcbd5be63ad.jpg,Separated_Dataset\valid\Bad_Weld\SampleV2_2_mp4-3_jpg.rf.777e550ce73ebc75d9a55fcbd5be63ad.jpg
SampleV2_2_mp4-43_jpg.rf.fd1bb2c4d44428af450b9edfaed846e1.jpg,Separated_Dataset\valid\Bad_Weld\SampleV2_2_mp4-43_jpg.rf.fd1bb2c4d44428af450b9edfaed846e1.jpg
SampleV2_2_mp4-64_jpg.rf.a6717af4b97678b3c8c51b61b9c31ae6.jpg,Separated_Dataset\valid\Bad_Weld\SampleV2_2_mp4-64_jpg.rf.a6717af4b97678b3c8c51b61b9c31ae6.jpg
SampleV2_2_mp4-70_jpg.rf.b9880314f27f844543ecf94cbe119936.jpg,Separated_Dataset\valid\Bad_Weld\SampleV2_2_mp4-70_jpg.rf.b9880314f27f844543ecf94cbe119936.jpg
SampleV2_2_mp4-81_jpg.rf.77d49a43c4179a3aa7f9030f87dabbd7.jpg,Separated_Dataset\valid\Bad_Weld\SampleV2_2_mp4-81_jpg.rf.77d49a43c4179a3aa7f9030f87dabbd7.jpg
SampleV2_2_mp4-92_jpg.rf.15cfce2d493dc6a68332c975e9a7963f.jpg,Separated_Dataset\valid\Bad_Weld\SampleV2_2_mp4-92_jpg.rf.15cfce2d493dc6a68332c975e9a7963f.jpg
SampleV2_2_mp4-95_jpg.rf.86acaf1d7f3a8beaa664fbb3f99c6350.jpg,Separated_Dataset\valid\Bad_Weld\SampleV2_2_mp4-95_jpg.rf.86acaf1d7f3a8beaa664fbb3f99c6350.jpg
SampleV3_1_mp4-4_jpg.rf.281e1118cc81d1440d23ec5deeb87e6a.jpg,Separated_Dataset\valid\Bad_Weld\SampleV3_1_mp4-4_jpg.rf.281e1118cc81d1440d23ec5deeb87e6a.jpg
SampleV3_1_mp4-5_jpg.rf.006630ee6ce3158adea0bb6954471619.jpg,Separated_Dataset\valid\Bad_Weld\SampleV3_1_mp4-5_jpg.rf.006630ee6ce3158adea0bb6954471619.jpg
SampleV3_1_mp4-6_jpg.rf.d1126d0aa7e39b053d8e12d06119c038.jpg,Separated_Dataset\valid\Bad_Weld\SampleV3_1_mp4-6_jpg.rf.d1126d0aa7e39b053d8e12d06119c038.jpg
SampleV3_1_mp4-7_jpg.rf.049ce027b075777fecf385949a61911e.jpg,Separated_Dataset\valid\Bad_Weld\SampleV3_1_mp4-7_jpg.rf.049ce027b075777fecf385949a61911e.jpg
SampleV3_2_mp4-27_jpg.rf.3ad00580f33975c5a86c0cc806e86da8.jpg,Separated_Dataset\valid\Bad_Weld\SampleV3_2_mp4-27_jpg.rf.3ad00580f33975c5a86c0cc806e86da8.jpg
Slag-inclusion-welding-images_10_jpeg.rf.76e154136e36d7f0ef49da95d4493734.jpg,Separated_Dataset\valid\Bad_Weld\Slag-inclusion-welding-images_10_jpeg.rf.76e154136e36d7f0ef49da95d4493734.jpg
